Name,Abbreviation
Innovative Tier 1 Capital Instruments Not Grandfathered,IT1CING
Innovative Tier 1 Capital Instruments Grandfathered,IT1CIG
Society for Worldwide Interbank Telecommunications,SWIFT
International Securities Identification Number,ISIN
Clearing House Interbank Payment System (NY),CHIPS
Electronic Delivery Device (short version),ELCDD
Exposure Amount Adjusted For Collateral,EAAFC
External Credit Assessment Institution,ECAI
Financial Market Instrument (short),FMIMT
Purchased Credit Card Relationship,PCCR
Telco (Telecommunications Company),TELCO
Credit Risk Mitigation Technique,CRMT
Postable Accounting Unit Balance,AUPSTB
Finance Service (when too long),FSVC
International Standard Dialling,ISD
Return On Risk Adjusted Capital,RORAC
Standard Settlement Instruction,SSI
Compounded Average Growth Rate,CAGR
Electronic Funds Point of Sale,EFPOS
Personal Identification Number,PIN
Application Program Interface,API
Exposure-Weighted Average LGD,EWAV_LGD
Individual Retirement Account,IRA
Unexpected Loss Given Default,ULGD
Number Of Consecutive Months,NOCM
Qualifying Subordinated Debt,QSD
Customer Premises Equipment,CPE
Expected Loss Given Default,ELGD
Actual Number Of Customers,ACTNOC
Electronic Processing Code,EPC
Expected Default Frequency,EDF
Minimum Regulatory Capital,MRC
Number Of Consecutive Days,NOCD
P.M. (Afternoon & Evening),PM
Universal Resource Locator,URL
Allocation Center (short),ACNTR
Customer Information File,CIF
Electronic Funds Transfer,EFT
Exposure Weighted Average,EWAV
Exposure-Weighted Average,EWAV
Internet Service Provider,ISP
Involved Party/Telephonic,IP_X_TEL
Net Earnings Before Taxes,NEBT
Non Interest Contribution,NIC
Simple Risk Weight Method,SRWM
Structured Query Language,SQL
Advanced Shipping Notice,ASN
Automated Clearing House,ACH
Automated Teller Machine,ATM
Average Revenue Per User,ARPU
Counterparty Credit Risk,CCR
Default Weighted Average,DWAV
Global Trade Item Number,GTIN
High Productivity System,HPS
Life Cycle Status Reason,LCSR
Number Of Communications,NOCMM
Operational Risk (short),ORSK
Postable Accounting Unit,AUPST
Programmable workstation,PWS
Redemption/Reimbursement,RDMPTN_RMBRSMT
Under m (e.g. Under 100),Um
Application Development,AD
Arrangements/Households,AR_HH
Banking Book Securities,BBS
Business Direction Item,BD
Critical Success Factor,CSF
Eligible Credit Reserve,ECR
European Article Number,EAN
European Monetary Union,EMU
Number Of Non-Customer-,NONC
Origination and Renewal,ORRN
Private Branch Exchange,PABX
Sales Per Employee Hour,SPEH
Security Coverage Ratio,SCVRTO
Service Level Agreement,SLA
Socio-Economic Category,SEC
Annual Percentage Rate,APR
Arrangement Identifier,AR_ALT_ID
Credit Risk Mitigation,CRM
Forecast Total Average,FCTAV
Forward Rate Agreement,FRA
Funds Transfer Pricing,FTP
Funds Under Management,FUM
Information Technology,IT
Internal Ratings Based,IRB
Market Risk Equivalent,MRE
Non-Customer-Initiated,NCST_ITT
Note Issuance Facility,NIF
Number (as Identifier),NO
Over-Collateralization,OV_CLTZ
Over m (e.g. Over 100),Om
Pre-Allocation (short),PALCT
Probability Of Default,PDFT
Retail Credit Exposure,RCE
Special Purpose Entity,SPE
Standard Industry Code,SIC
Unexpected Credit Loss,UCL
Universal Product Code,UPC
Arrangements/Customer,AR_PER_CST
Commercial/Industrial,CMRCL_IDY
Data Isolation Module,DIM
Financial Institution,FI
Indirect Cost (short),ICOST
Jack Henry Associates,JHA
Non Interest Expenses,NIE
Rating Category Value,RCATVA
Actual Total Average,ACTTAV
Classification Value,CV
Classsification Code,CLASS
Expected Credit Loss,ECL
Export Credit Agency,ECA
Future Margin Income,FMI
Identifier (non-Key),IDENT
Non-Interest Expense,NON_IE
Non Sufficient Funds,NSF
Primary Remuneration,PRNMN
Regulated Subsidiary,RSUBS
Residential Mortgage,RMRTG
Residential Property,RPTY
Return On Investment,ROI
Risk Weighted Assets,RWA
Target Communication,TCMM
Tier n (e.g. Tier 1),TRn
Capital Requirement,CRQM
Commercial Property,CPTY
Direct Cost (short),DCOST
Employment Position,EP
Exposure At Default,EAD
Greenwich Mean Time,GMT
Loan Loss Provision,LLP
Non Interest Income,NII
Non-Interest Income,NON_II
Non-Performing Loan,NPL
Number Of Customer-,NOC
Number Of Exposures,NOE
PreAuthorized Debit,PAD
Specialized Lending,SL
Supervisory Formula,SF
Annualized Average,AAV
Anonymous Customer,ACST
Available-for-sale,AVL_SALE
Call/Put Indicator,CALL_PUT_INDC
Capital Instrument,CIMT
Consecutive Months,CMO
Customer-Initiated,CITT
Early Amortization,EAMRZ
Earnings Per Share,EPS
Local Area Network,LAN
Loss Given Default,LGD
Previous 12 Months,P12M
Regulatory Capital,RCPTL
Risk Based Capital,RBC
Single Householder,SHH
Stock Keeping Unit,SKU
Telecommunications,TLCMM
Allocation Center,ACNTR
Budget Revision n,BDGTn
Campaign Activity,CMPNAVY
Capital Reduction,CRDCN
Collateralization,CLTZ
Counter-Guarantee,CNT_GNT
Exposure-Weighted,ESR_WGHT
Financial Summary,FSUM
Life Cycle Status,LCS
Net Present Value,NPV
Non-Distributable,NDSTR
Non-Participating,NPCP
Number (as Count),NBR
Number Of Minutes,NOMN
Number Of Seconds,NOS
Off-Balance Sheet,OFF_BAL_SHET
Organization Unit,OU
Personal Computer,PC
Re-Securitization,RE_SCRTZ
Subordinated Debt,SD
Allocated Profit,APFT
Event Identifier,EV_ALT_ID
Foreign Exchange,FX
Interest-Bearing,INT_BRG
Interest Expense,IE
Letter Of Credit,LTROC
Line Of Business,LOB
Net Total Assets,NTA
Non-Consolidated,NCNSLD
Non-gain-on-sale,NGAIN_ON_SALE
Non-Preferential,NPREFTL
Number Of Months,NOM
On-Balance Sheet,ON_BAL_SHET
Operational Risk,OR
Over The Counter,OTC
Public Relations,PR
Relation Manager,RM
Resecuritization,RE_SCRTZ
Return On Assets,ROA
Return On Equity,ROE
Risk Outstanding,RSKO
Targetted Person,TPSN
Total Unweighted,TUWGHT
Weighted Average,WAV
3 -Year Average,THREE_YR_AV
Accounting Unit,AU
Asset/Liability,AST_LBY
Automobile Loan,ALOAN
Budget Activity,BDAVY
Characteristics,CHAR
Collateralizing,CLTZ
Confidentiality,CONFD
Core Controller,CRC
Credit Interest,CINT
Data Dictionary,REPOS
Diversification,DVSTN
Electronic Mail,EML
Expense Account,EXAC
Forecast Number,FCNBR
Geographic Area,GEO
Handling Method,HMTH
Ijarah (Arabic),LJARH
Interest Income,II
Life-Time Value,LTV
Marginal Profit,MPFT
Market Research,MR
Monitoring Unit,MU
New Arrangement,NAR
Number Of Cases,NBR_CASE
Number Of Hours,NOH
Number Of Years,NOY
Personalization,PERSZ
Portfolio-level,PRTFL_LVL
Previous Period,PPRD
Quarter To Date,QTD
Rating Category,RCAT
Recommendations,RCMMS
Security Amount,SAMT
Short Timeframe,STMF
Thumma (Arabic),THUMMA
Unexpected Loss,ULOSS
Unit of Measure,UOM
Value Added Tax,VAT
Acknowledgment,ACK
Administration,ADMN
Administrative,ADMN
Authentication,ATH
Back End Agent,BEA
Capital Accord,CPAC
Capital Charge,CCH
Capitalization,CPZ
Categorization,CGY
Characteristic,CHAR
Classification,CL
Click-throughs,CLICK_THROUGHS
Collateralized,CLTZ
Communications,CMM
Convertibility,CNVR
Coverage Ratio,CVRTO
Debit Interest,DINT
Deliverability,DLV
Enforceability,NFRC
Equity Holding,EHLDG
European Union,EU
Forecast Total,FCTOT
General Ledger,GL
Grandfathering,GRF
Identification,IDENTN
Implementation,IMPL
Index-Exchange,INDX_EXG
Infrastructure,NFRSTR
Involved Party,IP
Line Of Credit,LOC
Long Term Debt,LTD
Market Segment,MSEG
Mini Dimension,MINI_DIM
Noncontrolling,NON_CNTL
Non-Cumulative,NON_CUM
Non-Performing,NPERF
Non-Protection,NPROT
Not applicable,NA
Number Of Days,NOD
Owner Occupied,OOCP
Past Due Aging,PDA
Period Trading,PRDTDG
Price/Earnings,PE
Product Lookup,PLU
Recommendation,RCMM
Reconciliation,RCNCL
Remote Banking,RB
Representation,RPRS
Responsibility,RSPL
Sarbanes Oxley,SOX
Securitization,SCRTZ
Socio-Economic,SOCIO_ECON
Standing Order,SO
Supply Request,SPL_RQS
Total Residual,TRSDL
Unconsolidated,UCNSLD
Voice Response,VR
Accessibility,ACSBL
Accommodation,ACCMDN
Actual Number,ACTNBR
Advertisement,ADVMT
Al-Mutanaqisa,AL_MUT
Authorization,AHR
Bai' (Arabic),BAI
Bai' Al 'Inah,BAI_AL_INAH
Bai' Bithaman,BAI_BITHAMAN
Balance Sheet,BSH
Bidirectional,BIDIR
Business Unit,BU
Certification,CTF
Check Cashing,CHKCS
Click-Through,CLICK_THROUGH
Club Point(s),CPNT
Communication,CMM
Comprehensive,CPRSV
Concentration,CCNTR
Configuration,CFG
Consideration,CNSD
Consolidation,CNSL
Correspondent,CRSP
Credit Amount,CAMT
Cross Connect,XCCT
Customization,CSZ
Date Of Birth,DOB
Decomposition,DCMP
De-Duplicated,DE_DUPLICATED
Delinquencies,DLQ
Disbursements,DSBR
Discretionary,DSCR
Discriminator,DSCRM
Distributable,DSTR
Documentation,DOC
Dwelling Unit,DWU
End Of Period,EOP
Entertainment,ENTMT
Environmental,ENV
Expected Loss,EL
Extraordinary,XTRAO
Grandfathered,GRF
Highest Value,HIV
Inappropriate,INAPT
Incorporation,INC
International,ITNL
Justification,JUST
Month To Date,MTD
Neighbourhood,NHOOD
New Customers,NCST
Non-Customers,NCST
Non-Defaulted,NDFLTD
Non-Financial,NFNC
Nonqualifying,NON_QUAL
Participation,PCP
Precalculated,PCALC
Present Value,PV
Previous Year,PYR
Probabilistic,PRBL
Profit & Loss,PL
Profitability,PFT
Qualification,QUALF
Questionnaire,QSTNR
Ratings-based,RTG_BASE
Reinstatement,RNST
Relationships,RLTNP
Resource Item,RI
Risk-Adjusted,RSK_ADJ
Risk Category,RSKCGY
Risk Tendency,RSKT
Risk-weighted,RSK_WGHT
Shareholders',SHRHLR
Stockholders',SHRHLDR
Supplementary,SUPP
Total Average,TAV
Unconditional,UCDTL
Unsecuritized,USCRTZ
Value At Risk,VARSK
Worldwide Web,WWW
Abbreviation,ABR
Acknowledged,ACK
Actual Total,ACTTOT
Agricultural,AGRCL
Alphanumeric,AN
Amortization,AMRZ
Announcement,ANCM
Arrangements,AR
Asia/Pacific,A_P
Asset-Backed,AST_BACK
Availability,AVL
Cancellation,CNCL
Compensation,CMPSN
Confidential,CONFD
Confirmation,CFRM
Conservation,CNSVRTN
Consolidated,CNSLD
Contribution,CTB
Counterparty,CNTPR
Denomination,DNMN
Depreciation,DPRCN
Differential,DIFL
Direct Debit,DD
Disbursement,DSBR
Distribution,DSTR
Encyclopedia,ENCYC
Gain On Sale,GOS
Geographical,GEO
Geopolitical,GEOPL
Headquarters,HQ
Incorporated,INC
Input Output,IO
Installation,INSTL
Insufficient,INSFC
Interactions,INTRCTN
Interconnect,INTCCT
Intermediary,INTRY
Intermediate,INTR
Internalizer,INRSR
Intracompany,INTCO
Jurisdiction,JRSD
Look-Through,LOOK_THROUGH
Manufacturer,MFC
Monthly Cost,MCOST
Multilateral,MLT
Multi-Seller,MUL_SELL
Municipality,MNCP
Non-Customer,NCST
Non-Interest,NINT
Non-Material,NMTRL
Non standard,NSTD
Notification,NOTF
Organization,ORG
Out Of Order,OOO
Outstandings,OTSND
Oversupplied,OVSPLD
Pass Through,PSTHR
Payment Card,PYMTC
Pay Per View,PPV
Preferential,PREFTL
Professional,PROF
Proportional,PRPTNL
Recalcitrant,RCLT
Registration,RGST
Reinvestment,RVST
Relationship,RLTNP
Remuneration,RMNN
Representing,RPRG
Satisfaction,SSF
Staging Area,SAREA
Standardized,STD
Subordinated,SUB
Subsidiaries,SUBS
Super-Scheme,SUP_SCM
Total Amount,TAMT
Transactions,TXN
Transmission,TRNSM
Unacceptable,UNACPB
Underwriting,UWRT
Unemployment,UNEMP
Verification,VERF
Wallet Share,WTSHR
White Collar,WTCLR
Year To Date,YTD
Abandonment,ABNDNMT
Abbreviated,ABR
Access code,ACOD
Accountable,ACB
Accumulated,ACM
Accumulator,ACM
Achievement,ACV
Acknowledge,ACK
Acquisition,ACQ
Addressable,ADDRB
Adjustments,ADJ
Advertising,ADVG
Agriculture,AGRC
Al (Arabic),AL
Algorithmic,ALGR
Alternative,ALT
Anticipated,ANTCP
Application,AP
Apportioned,APOR
Arrangement,AR
Association,ASSC
Attribution,ATTRB
Authorizing,AHR
Beneficiary,BENF
Blue Collar,BLCLR
Calculation,CLCN
Call Centre,CCNR
Capitalized,CPZ
Card Holder,CHLDR
Categorized,CGY
Certificate,CTF
Charge-Offs,CHRGOF
Circulation,CRCL
Citizenship,CTZN
Closed/Open,CLS_OPN
Collections,COLL
Combination,CMB
Commissions,CMSN
Commitments,CMMT
Competitive,CPTV
Composition,CMPOS
Computation,CTN
Conditional,CDTL
Conditioner,CDTR
Consecutive,CTV
Consolidate,CNSL
Constrained,CNSTRN
Consultancy,CNSUL
Contingency,CNTGY
Contractual,CTRL
Convertible,CNVR
Cooperative,COOP
Corporation,CORP
Correlation,CRL
Counselling,CNSLL
Co-Variance,CVRNC
Credibility,CRDBL
Credit Card,CC
Declaration,DCL
Delinquency,DLQ
Deliverable,DLV
Demographic,DEMOG
Denominator,DNMR
Derivatives,DRVT
Description,DSC
Designation,DSG
Destination,DST
Development,DVLPM
Disposition,DSPN
Dissolution,DSLV
Disturbance,DSTB
Duplication,DUP
Eligibility,ELIG
Encompassed,ENCMPSD
Encumbrance,ECB
End Of Year,EOY
Engineering,ENG
Enhancement,NHCMT
Entitlement,ENTL
Environment,ENV
Equivalence,EQVC
Established,ESTB
Examination,EXAM
Fiscal Year,FYR
Fulfillment,FLFMT
Grandfather,GRF
Granularity,GRNLR
Immediately,IMM
Improvement,IMPV
Incompetent,INCMP
Incremental,INCR
Independent,INDP
Information,INF
Institution,INST
Instruction,INSR
Intelligent,INTLG
Interaction,INTRCTN
Interchange,INTCHNG
Investments,INV
Involvement,IVL
Irrevocable,IRVCBL
Liabilities,LBY
Liquidation,LQD
Maintenance,MNT
Materiality,MTRL
Measurement,MSR
Merchandise,MRCHD
Methodology,METHG
Most Recent,MRT
Msmtch&Rstc,MSMTCH_RSTC
Multiplexer,MPLX
New Vehicle,NVHCL
Non-Account,NON_AC
Non Paid Up,NPUP
Non-Taxable,NTAX
Operational,OPRL
Opportunity,OPPT
Optionality,OPT
Orientation,ORNTN
Originating,ORIG
Origination,ORIG
Outstanding,OTSND
Participant,PCP
Partnership,PRTN
Performance,PERF
Periodicity,PRDC
Perspective,PERSP
Politically,PLLY
Post-Credit,PST_CR
Preparation,PREP
Probability,PRBL
Procurement,PRCRMNT
Proficiency,PRFY
Prospective,PROSP
Publication,PBLC
Reactivated,REACTVD
Receivables,RCVB
Recruitment,RCTM
Redirection,RDRC
Referential,REFR
Refinancing,REFNC
Registering,RGST
Reliability,RLB
Replacement,RPLCMT
Repossessed,REPO
Requirement,RQM
Residential,RSDNT
Responsible,RSPL
Restriction,RSTN
Restructure,RSTC
Revaluation,RVAL
Risk Weight,RWGHT
Safekeeping,SFKP
Salesperson,SLPSN
Securitized,SCRTZ
Sensitivity,SNSV
Shareholder,SHRHLR
Signatories,SGN
Significant,SIG
Solicitable,SLCBL
Sovereignty,SVRNT
Specialized,SPCLZ
Sponsorship,SPSR
Statistical,STAT
Subordinate,SUB
Suitability,SUTBL
Supervisory,SPVSR
Syndication,SYND
TEMPERATURE,TPRR
Termination,TMT
Third Party,T3IP
Three-Month,THREE_MO
Total Value,TVAL
Transaction,TXN
Transferred,TFRD
Translation,TSL
Transmittal,TRNSM
Uncertified,UCTFD
Uncollected,UNCOLL
Undertaking,UTKNG
Undisclosed,UDSCL
Unscheduled,USHD
Utilization,UTLZ
Value Under,VALU
Variability,VAR
Volumetrics,VOLC
Withholding,WHLD
Workstation,WKST
Abbreviate,ABR
Acceptance,ACPT
Accounting,ACG
Accumulate,ACM
Activation,ACTVN
Activities,AVY
Additional,ADL
Adjustment,ADJ
Aggregated,AGRT
Agreements,AGRM
Allocation,ALCT
Allowances,ALWC
Alphabetic,ALPB
Annualized,ANULZ
Applicable,APL
Appraisals,APRS
Arithmetic,ARTHM
Assessment,ASES
Assignment,ASGNM
Associated,ASSC
Assumption,ASMP
Automobile,AUTM
Bankruptcy,BNKR
Calculated,CLC
Capability,CPBL
Centralize,CNTRZ
Charge-Off,CHRGOF
Classified,CLSFD
Collateral,CLT
Collection,COLL
Commercial,CMRCL
Commission,CMSN
Commitment,CMMT
Comparable,CMPR
Comparison,CMPR
Competency,CMPNC
Competitor,CPTR
Complaints,CPLN
Completion,COMPL
Compliance,CMPLN
Concession,CNCSN
Conference,CNFC
Confidence,CONFD
Connection,CCTN
Constraint,CNSTRN
Contingent,CNTG
Continuing,CNU
Continuity,CNU
Continuous,CNTS
Controller,CNTL
Convention,CNVTN
Conversion,CNVR
Conviction,CNVC
Coordinate,COORD
Correction,CORR
Correspond,CRSP
Cross Sell,XSEL
Cumulative,CMLV
Database 2,DB2
Deductible,DDCB
Deductions,DDCN
Definition,DEFN
Delinquent,DLQ
Department,DEPT
Dependants,DPND
Deployment,DPLY
Depository,DEPST
Depreciate,DPRC
Derivative,DRVT
Descendant,DESC
Designator,DSG
Determiner,DETR
Difference,DIF
Difficulty,DFCLT
Disability,DSB
Disallowed,DSALW
Disclosure,DSCL
Dishonored,DHN
Dispatched,DPTHD
Distribute,DSTR
Documented,DOC
Efficiency,EFFY
Electronic,ELC
Employment,EMP
End Of Day,EOD
Enterprise,ENTP
Equivalent,EQV
Escalation,ESC
Evaluation,EVAL
Exceptions,EXCP
Experience,EXRNC
Expiration,EXP
Extensions,EXN
Fee Income,FINCM
Fixed-Term,FIXED_TERM
Floorspace,FLRSP
Forecasted,FC
Foreclosed,FRCLS
Franchisee,FRNCE
Franchiser,FRNCR
Generation,GEN
GEOGRAPHIC,GEO
Government,GOVT
Guarantees,GNT
Historical,HIST
House Hold,HH
Households,HH
Identified,IDENTF
Identifier,ID
Impairment,MPRM
Importance,IMPC
Impossible,IPSB
Incidental,INCDL
Incomplete,INCOM
Individual,IDV
Industrial,IDL
Initialize,INL
Initiating,ITT
Initiation,ITT
Innovative,INVT
Instrument,IMT
Intangible,INTGBL
Integrated,INTG
In Transit,ITRN
Investment,IVSM
Laundering,LUNR
Life Cycle,LC
Life-Style,LS
Litigation,LTGTN
Management,MGT
Managerial,MGRL
Marketable,MKTL
Membership,MBR
Mitigation,MTGN
Monitoring,MON
Motorcycle,MTRCYC
Navigation,NVG
Negotiable,NEGT
Negotiated,NEGT
Net Return,NRET
Newsletter,NLTR
Non-Degree,NDGR
Non-voting,NVTG
Obligation,OBLG
Occupation,OCP
Occurrence,OCCR
On-Balance,ON_BAL
Operations,OPRN
Originator,ORIGR
Outsourced,OUTSRC
Over Limit,OLMT
Percentage,PCT
Perception,PRCP
Performing,PERF
Perishable,PRSH
Photograph,PHOTO
Population,PPN
Possession,PSSN
Precedence,PRCD
Prefecture,PRFC
Preference,PREF
Processing,PCS
Production,PDN
Profession,PROF
Profitable,PFTL
Projection,PRJ
Promissory,PRMSY
Propensity,PPNST
Protection,PROT
Provisions,PRVN
Publishing,PBLS
Qualifying,QUAL
Receivable,RCVB
Recognized,RGNZ
Reconciled,RCNCL
Recreation,RRT
Recurrence,RCR
Referenced,REFR
References,REFR
Refinanced,REFNC
Registered,RGST
Regulation,REG
Regulatory,REG
Repository,REPOS
Repurchase,RPRCH
Resolution,RSL
Responding,RSP
Restaurant,RSTRN
Restraints,RST
Restricted,RSTD
Retirement,RETM
Revolution,RVL
Risk Asset,RSKA
Risk-based,RSK_BASE
Rotational,RTNL
Salutation,SALUT
Securities,SCR
Separation,SEP
Settlement,SETL
Shop Floor,SFLR
Short-term,SHRT_TERM
Atomiclake,SVRLK
Simplified,SIMP
Specialist,SPCL
Stationary,STNRY
Statistics,STAT
Structured,STC
Subscribed,SBSRBD
Subsidiary,SUBS
Successful,SCSS
Sufficient,SFC
Summarized,SZD
Supervisor,SPVSR
Suspension,SUSP
Suspicious,SSPCS
Systematic,STMTC
Taxability,TAX
Technology,TECH
Telephonic,TEL
Television,TV
Terminated,TMT
Thresholds,THRS
Throughput,THRPT
Total Cost,TCOST
Transcript,TSPT
Transition,TRNST
Underlying,ULYG
Unemployed,UNEMP
Unexpected,UEXPC
Unrealised,UNRLZD
Unrealized,UNRLZD
Unstressed,USTRS
Unsupplied,USPLD
Unutilized,UUTLZ
Unweighted,UWGHT
User Group,UGRP
Validation,VLD
Value Over,VALO
Verifiable,VERF
Voice Mail,VMAIL
Volatility,VLTLY
Withdrawal,WD
Write-offs,WRTOF
Accessory,ACSR
Accretion,ACRTN
Advantage,ADVT
Aggregate,AGRT
Agreement,AGRM
Algorithm,ALGR
Allocated,ALCT
Allowable,ALWB
Allowance,ALWC
Alternate,ALT
Amendment,AMDT
Amortized,AMZ
Anonymous,ANON
Appraisal,APRS
Approving,APRV
Arbitrage,ARB
Attribute,ATTR
Attrition,ATR
Authority,AHR
Automated,AUTO
Automatic,AUTO
Available,AVL
Beginning,BEG
Behaviour,BHVR
Benchmark,BNCH
Blacklist,BLIST
Body Type,BODYTP
Borrowing,BRW
Brokerage,BKR
Calculate,CLC
Character,CHAR
Clearance,CLRC
Collected,COLL
Committed,CMMT
Committee,CMTE
Commodity,CMDTY
Community,COMM
Complaint,CPLN
Component,CMPT
Composite,CMPOS
Condition,CD
Configure,CFG
Contacted,CTD
Continued,CNU
Contracts,CTR
Converted,CNVR
Copyright,CPYRT
Corporate,CORP
Corrected,CORR
Creditors,CRDR
Custodial,CSTD
Custodian,CSTD
Customers,CST
Cylinders,CYL
Debenture,DBTR
Deduction,DDCN
Defaulted,DFLTD
Dependent,DPND
Designate,DSG
Determine,DETR
Deviation,DVTN
Difficult,DFCLT
Dimension,DIM
Direction,DRC
Disclosed,DSCL
Dissolved,DSLV
Dow Jones,DJ
Drawdowns,DRDWN
Duplicate,DUP
Education,ED
Effective,EFF
Employees,EMP
Enhancing,NH
Equipment,EQMT
Establish,ESTB
Estimated,EST
Exception,EXCP
Exclusive,EXCL
Execution,EXEC
Executive,EXECV
Exemption,EXMPT
Exercised,EXRC
Exhausted,EXH
Expansion,EXPAN
Expedited,EXPD
Exposures,ESR
Extension,EXN
Facsimile,FAX
Fiduciary,FDCR
FINANCIAL,FNC
Financing,FNC
Follow Up,FLLW
Foreclose,FRCLS
Formation,FMTN
Formatter,FMT
Franchise,FRNC
Frequency,FRQ
Furniture,FURN
Gain/Loss,GAIN_LOSS
Generated,GEN
Geography,GEO
Guarantee,GNT
Guarantor,GNR
Guideline,GDLN
Hierarchy,HIER
High Risk,HRSK
Household,HH
Immediate,IMM
Implement,IMPL
Important,IMPT
Incentive,INCV
Incidents,INCD
Inclusive,INCL
Incumbent,INCMBT
Indicator,IND
Inflation,INFLT
Influence,INFL
Initiated,ITT
Initiator,ITTR
Inquiries,INQR
Insolvent,ISLV
Inspected,INSP
Insurance,INS
Integrate,INTEG
Integrity,INTEG
Intensity,INTN
Interface,INTF
Intra-Day,INTDAY
Intrinsic,NTRSC
Inventory,IVNT
Investing,IVS
Investors,IVSR
Isolation,ISLT
Kdilution,KDLTN
Leveraged,LVG
Liability,LBY
Linearity,LRTY
Liquidity,LQD
Lodgement,LDGM
Longevity,LGY
Longitude,LGT
Long-Term,LONG_TERM
Mainframe,MF
Mandatory,MAND
Marketing,MKT
Matchcode,MTCH_CODE
Milestone,MLST
Monitored,MOND
Multiplex,MPLX
Negotiate,NEGT
Non-Legal,NLGL
Numerator,NUMR
Objective,OBJV
Occupancy,OCPY
Operating,OPRG
Operation,OPRN
Overdraft,OD
Overdrawn,ODRWN
Overnight,OVNGT
Ownership,OWN
Parameter,PARM
Passenger,PSNGR
Permanent,PERM
Permitted,PRMT
Perpetual,PRP
Personnel,PSN
Placement,PLCMT
Planogram,PLOGRM
Portfolio,PRTFL
Potential,PTNL
Precision,PREC
Preferred,PREF
Principal,PNP
Principle,PNP
Privilege,PRVG
Procedure,PCD
Processed,PCS
Profiling,PRFL
Projected,PRJ
Promotion,PROM
Protected,PROT
Provision,PRVN
Proximity,PRX
Purchased,PRCH
Quotation,QTN
Rationale,RATNL
Reception,RCPTN
Recipient,RCPNT
Recognize,RGNZ
Reconcile,RCNCL
Recovered,REC
Recurring,RCR
Reduction,RDCN
Redundant,RDN
Reference,REFR
Referrals,RFL
Refinance,REFNC
Registery,RGSTY
Regulated,REG
Reimburse,RMBR
Reinstate,RNST
Relations,REL
Remaining,RMAN
Repayable,REPY
Repayment,REPYMT
Reporting,RPT
Repossess,REPO
Repricing,REPRNC
Requested,RQSD
Residence,RSDNC
Restraint,RST
Resultant,RSLT
Retention,RTN
Reversals,RVRS
Revisions,RVSN
Revocable,RVK
Revolving,RVL
Risk-free,RSK_FREE
Satellite,SATLT
Scheduled,SHD
Secondary,SCDY
Segmented,SEG
Selection,SEL
Seniority,SNR
Sentiment,SNTM
Separator,SEP
Sequenced,SEQ
Servicing,SVC
Shortfall,SHRTFL
Shrinkage,SHRKG
Signature,SGN
Sovereign,SVRN
Specified,SPF
Stability,STBLY
Statement,STMT
Strategic,STRTG
Structure,STC
Subsidize,SUBZ
Substance,SUBST
Supersede,SPSD
Supertype,SPTP
Surrogate,SRGT
Suspended,SUSP
Syndicate,SYND
Technique,TCNQ
Telegraph,TELG
Telephone,TEL
Temporary,TEMP
Terminate,TMT
Territory,TERR
Thickness,THKN
Threshold,THRS
Time Band,TBND
Timeframe,TMF
Timestamp,TMS
Time Zone,TMZON
Tolerance,TLRNC
Transport,TPRT
Traveller,TVLR
Treatment,TRTM
Uncleared,UNCLD
Underline,UL
Universal,UNVS
Unsecured,USCRD
Usability,USEBL
Valuation,VALT
Variation,VAR
VaR Model,VARSKMODL
Viability,VIABL
Violation,VLN
Warehouse,WH
Weighting,WGHT
Wholesale,WHLSL
Worldwide,WW
Absolute,ABS
Accessed,ACS
Accident,ACDN
Accounts,AC
Acquired,ACQ
Actioned,ACTN
Activity,AVY
Adequacy,ADQ
Adjusted,ADJ
Admitted,ADMT
Advanced,ADVNCD
Allocate,ALCT
Amortize,AMZ
Analysis,ANL
Analyzed,ANL
Ancestor,ANC
Answered,ANSD
Approach,APRC
Approval,APRV
Approved,APRV
Arbitage,ARB
Argument,ARG
Assessed,ASES
Assigned,ASGN
Audience,AUDNC
Backhaul,BKHL
Backward,BWD
Bankrupt,BNKR
Benefits,BNFT
Borrowed,BRW
Budgeted,BDGT
Building,BLD
Business,BSN
Calendar,CDR
Campaign,CMPN
Capacity,CPY
Carrying,CRR
Casepack,CASEPK
Category,CGY
Cellular,CELLR
Charging,CHRG
Children,CHL
Claimant,CLMT
Cleaning,CLNG
Clearing,CLRG
Combined,CMB
Commerce,CMRC
Compared,CMPR
Complete,COMPL
Compound,CMPD
Computer,CMPTR
Conflict,CFLT
Constant,CNST
Consumer,CNSMR
Contains,CNTN
Continue,CNU
Contract,CTR
Covenant,CNVT
Coverage,CVR
Creation,CRT
Creditor,CRDR
Criminal,CMNL
Criteria,CRIT
Currency,CCY
Customer,CST
Cyclical,CYC
Cylinder,CYL
Datetime,DTTM
Deadline,DDLN
Deceased,DSCD
Decision,DCSN
Declared,DCL
Decrease,DEC
Deducted,DDC
Defaults,DFLT
Deferred,DFR
Defining,DEF
Deletion,DEL
Delivery,DLV
Departed,DPRT
Deposits,DEP
Dialling,DIAL
Dilution,DLTN
Disallow,DSALW
Disclose,DSCL
Discount,DCN
Disposal,DISPL
Distance,DSTN
District,DSTC
Dividend,DVDN
Division,DIV
Document,DOC
Domestic,DMST
Domicile,DOMC
Dominant,DMT
Download,DWLD
Drawdown,DRDWN
Duration,DRTN
Dwelling,DWLG
Economic,ECN
Elevator,ELEV
Eligible,ELIG
Employed,EMP
Employee,EMPE
Employer,EMPR
Entities,ENT
Equation,EQ
Estimate,EST
Evaluate,EVAL
Exchange,EXG
Executed,EXEC
Exercise,EXRC
Existing,EXST
Expanded,EXPAN
Expected,EXPC
Expenses,EXPN
Explicit,EXPLC
Exported,EXPRT
Exposure,ESR
External,EXT
Facility,FCY
FeedBack,FB
Forecast,FC
Fulltime,FULLTM
Function,FCN
Generate,GEN
Goodwill,GDWL
Graduate,GRDT
Graphics,GRPH
Grouping,GRPG
Handling,HDL
Hardware,HW
Heritage,HRTG
Hispanic,HSPC
Hostname,HNM
Identify,ID
Impacted,IMPD
Impaired,MPRD
Implicit,MPLC
Imported,IMPR
Improved,IMPV
Inactive,INACT
Incident,INCD
Increase,INCR
Indirect,IDR
Industry,IDY
Inferral,NFRL
Inferred,NFR
Initials,INL
Initiate,ITT
Innovate,INVT
In Order,INO
Instance,INSTN
Interact,INTA
Interest,INT
Internal,INR
Internet,INN
Interval,ITRV
Intraday,INTDAY
Intranet,INRN
Investor,IVSR
Involved,I
Issuance,ISSN
Judgment,JDGMT
Judicial,JDCL
Language,LNG
Latitude,LTT
Legality,LGL
Leverage,LVG
Lifetime,LIFETM
Location,LO
Logistic,LOGT
Macaulay,MACAULA
Maintain,MNT
Managing,MGN
Marginal,MRGN
Material,MTRL
Maturity,MAT
Meetings,MTG
Merchant,MRCH
Minority,MNRTY
Mismatch,MSMTCH
Modified,MOD
Monetary,MNTR
Mortgage,MRTG
Movement,MVMT
Multiple,MULTI
National,NAT
Navigate,NVG
Negative,NEG
Networth,NWRTH
Nickname,NCK
Notional,NTNL
Occasion,OCCS
Occupied,OCP
Occupier,OCP
Offering,OFRG
Official,OFFC
Operator,OPR
Optimize,OPTZ
Optional,OPT
Ordinary,ORDN
Original,ORIG
Outbound,OUTBND
Outgoing,OUT
Override,OVRD
Overtime,OVTM
Packaged,PKG
Passbook,PSBK
Passport,PSPT
Password,PSWD
Payments,PYMT
Periodic,PRD
Personal,PSN
Personas,PSNAS
Phonetic,PHNC
Physical,PHYS
Position,POS
Positive,PSV
Possible,PSB
Postable,PST
Postcode,PSTCD
Postpaid,PSTPAID
Premises,PRMS
Prepared,PREP
Presence,PRSC
Previous,PREV
Priority,PRTY
Proceeds,PROCD
Products,PD
Property,PTY
Proposal,PRPSL
Proposed,PRPSD
Prospect,PROSP
Protocol,PRTCL
Provided,PVDD
Provider,PVDR
Province,PROV
Purchase,PRCH
Quantity,QTY
Question,QSTN
Readable,RDBL
Realised,RLZD
Realized,RLZD
Received,RCVD
Recharge,RCHG
Recovery,REC
Referral,RFL
Reformat,RFMT
Refunded,RFND
Register,RGST
Relative,RLTV
Relevant,RLV
Religion,RLG
Remargin,RMRGN
Reminder,RMNDR
Renewals,RNEW
Repeater,REPTR
Reported,RPT
Re-Price,RP
Required,RQD
Research,RSRCH
Reserves,RSRV
Resident,RSDNT
Residual,RSDL
Resolved,RSLV
Resource,RSC
Response,RSP
Restrict,RSTRC
Retained,RTND
Returned,RET
Revision,RVSN
Rounding,RNDG
Salaries,SLRY
Scenario,SRO
Schedule,SHD
Seasonal,SSONL
Security,SCR
Sellable,SLBL
Sequence,SEQ
Severity,SVR
Shipment,SHPM
Smallest,SML
Snapshot,SNPST
Software,SW
Solvency,SLVC
Spawning,SPWN
Specific,SPF
Spectrum,SPCT
Standard,STD
Standing,STDG
Strategy,STRTG
Stressed,STRS
Sub-Fund,SUB_FUND
Supplied,SPLD
Supplier,SPLR
Surname1,SURNM1
Surname2,SURNM2
Survivor,SURV
Suspense,SUSP
Systemic,STSMC
Tactical,TCTL
Tangible,TANG
Taxation,TAX
Taxonomy,TAXNMY
Template,TPL
Temporal,TMPRL
Tendency,TNDC
Terminal,TML
Tertiary,TRTY
Tracking,TRCK
Training,TRN
Transfer,TFR
Trapping,TRPG
Treasury,TRSR
Turnover,TVR
Ultimate,ULT
Unbilled,UBILL
Utilized,UTLZ
Vacation,VCTN
Validate,VLD
Validity,VLD
Value-at,VAL_AT
Variable,VAR
Variance,VRNC
Veracity,VRTY
Verified,VERF
Volatile,VLTL
Weighted,WGHT
Wireless,WRLS
Wireline,WRLN
Withhold,WHLD
Writeoff,WRTOF
Account,AC
Accrual,ACR
Accrued,ACR
Achieve,ACV
Acquire,ACQ
Actions,ACTN
Address,ADR
Advance,ADVNC
Advised,ADVD
Advisor,ADVR
Against,AGNST
Airline,AIRL
Al Bai',AL_BAI
Applied,APL
Approve,APRV
Archive,ARCHV
Arising,ARSNG
Arrears,ARS
Arrival,ARRV
Arrived,ARRV
Auction,AUCTN
Average,AV
Balance,BAL
Bankers,BNKER
Banking,BNKG
Barcode,BARCODE
Bearing,BRG
Bedroom,BDROOM
Benefit,BNFT
Between,BTW
Billing,BILL
Blanket,BKT
Boolean,BOOLN
Bullion,BLLN
Capital,CPTL
Capture,CAP
Carrier,CRR
Cashing,CASHG
Catalog,CTLG
Catcher,CTCH
Central,CNRL
Certify,CTF
Changes,CHG
Channel,CNL
Charged,CHRG
Charges,CHRG
Chattel,CHTL
Circuit,CRCT
Claimee,CLME
Cleared,CLRD
Closing,CLS
Closure,CLS
College,CLG
Combine,CMB
Comment,CMNT
Company,CO
Compare,CMPR
Complex,CPX
Concept,CNCPT
Confirm,CFRM
Connect,CCT
Consent,CCNT
Contact,CTC
Contain,CNTN
Content,CNTNT
Context,CNTXT
Control,CNTL
Convert,CNVR
Correct,CORR
Counter,CNTER
Country,CTY
Covered,CVRD
Created,CRT
Credits,CR
Crusher,CRSH
Current,CRN
Cut-Off,CUT_OFF
Damaged,DMGD
Dealing,DEAL
Decimal,DCM
Default,DFLT
Defined,DFND
Deleted,DEL
Density,DNS
Deposit,DEP
Derived,DRVD
Desired,DSRD
Desktop,DSKTP
Develop,DVLP
Display,DSPL
Dispute,DSPT
Dormant,DRMT
Drawing,DRWG
Driving,DRVG
Dropped,DROPD
Earning,ERN
Element,ELMT
Enabler,ENBLR
Enforce,NFRC
Entries,ENTR
Exclude,EXCL
Execute,EXEC
Expense,EXPN
Expired,EXP
Exploit,EXPLT
Exposed,EXD
Extrait,XTRT
Feature,FTR
Federal,FED
Finance,FNC
Fixture,FIXTR
Foreign,FRGN
Formula,FRML
Forward,FWD
Freight,FRT
Funding,FNDG
Futures,FUTR
Gearing,GRNG
General,GNL
Gondola,GNDLA
Granted,GRNT
Graphic,GD
Greater,GRTR
Growth.,GRW
Haircut,HRCT
Handset,HSET
Headend,HDEND
Hedging,HDGG
Highest,HIGH
History,HIST
Holding,HLDG
Holiday,HOL
Horizon,HRZN
Housing,HSG
Illicit,ILCT
Illness,ILL
Implied,IMPLD
Include,INCL
Initial,INL
Inquire,INQR
Inquiry,INQR
Inspect,INSP
Install,INSTL
Insured,INS
Integer,INTG
Invalid,INVAL
Invoice,INV
Journal,JRNL
Journey,JRNY
Largest,LRGS
Lending,LND
Library,LBRY
Licence,LCN
Linkage,LKG
Logical,LOGL
Loyalty,LYLT
Machine,MCHN
Mailing,MAIL
Managed,MGN
Manager,MGR
Mandate,MAND
Marital,MAR
Married,MAR
Matches,MTCH
Matured,MATD
Maximum,MX
Measure,MSR
Meeting,MTG
Members,MBR
Message,MSG
Mineral,MNRL
Minimum,MN
Minutes,MINS
Monitor,MON
Monthly,MO
Nearest,NR
Netting,NETG
Network,NTW
Nominal,NML
Numeric,NUM
Officer,OFCR
Offline,OFF
on hand,OHND
On Hold,OHOLD
Opening,OPN
Outcome,OUTC
Outflow,OFLW
Outside,OUTS
Outward,OUT
Overage,OVRG
Overall,OVRL
Overdue,ODUE
Package,PKG
Paid-in,PAID_IN
Partial,PART
Pattern,PATT
Payable,PBL
Payback,PYBK
Payment,PYMT
Payroll,PYRL
Penalty,PNY
Pending,PNDG
Pension,PNSN
Percent,PCT
Perfect,PRFT
Periods,PRDS
Persona,PSNA
Persons,PSNS
Planned,PLN
Pledged,PLG
Posting,PST
Poverty,PVR
Premium,PREM
Prepaid,PRPAID
Prepare,PREP
Present,PRSNT
Pre-Tax,PRE_TAX
Pricing,PRC
Primary,PRIM
Printed,PRT
Printer,PRT
Private,PRVT
Problem,PRBLM
Process,PCS
Product,PD
Profile,PRFL
Program,PRGM
Project,PRJ
Protect,PROT
Publish,PBLS
Purpose,PPS
Pursuit,PRS
Qualify,QUAL
Quality,QLY
Quarter,QTR
Ratings,RTG
Receipt,RECPT
Receive,RCV
Recover,REC
Recruit,RCT
Refusal,RFS
Regular,RGLR
Related,REL
Release,RLSE
Renewal,RNEW
Reports,RPT
Request,RQS
Reserve,RSRV
Resolve,RSLV
Returns,RET
Revenue,REV
Reverse,RVRS
Reviews,RVW
Revolve,RVL
Roaming,ROAM
Roll up,RLP
Routing,ROUT
Running,RUN
Savings,SVG
Seconds,S
Section,SECT
Secured,SCRD
Segment,SEG
Service,SVC
Session,SSN
Settled,SETL
Signage,SIGN
Sinking,SNKG
Smoking,SMK
Society,SOC
Solvent,SLVT
Special,SPCL
Sponsor,SPSR
Squared,SQRD
Station,STN
Storage,STG
Subject,SBJ
Subtype,SBTP
Success,SCSS
Summary,SMY
Support,SPRT
Surname,SURNM
Surplus,SRPLS
Suspect,SSP
Suspend,SUSP
Taxable,TAX
Tenancy,TNC
Textual,TX
Topmost,TOP
Trading,TDG
Tranche,TRNC
Transit,TRNST
Trigger,TRGR
Trouble,TRBL
Tuition,TTN
Undrawn,UDRN
Uniform,UFRM
Unusual,UNUSL
Updated,UDT
Upgrade,UPGR
Utility,UTIL
Variant,VRNT
Vehicle,VHCL
Version,VRSN
Virtual,VRTL
Voucher,VCHR
Waivers,WVRS
Warning,WRN
Warrant,WRNT
Weather,WTHR
Website,WEBST
Winback,WINBK
Working,WRK
30-Day,30D
Absent,ABSNT
Accept,ACPT
Access,ACS
Accrue,ACR
Action,ACTN
Active,ACTV
Actual,ACT
Add-on,ADD_ON
Adjust,ADJ
Advice,ADV
Affair,AFFR
Agency,AGNC
Agenda,AGND
Amount,AMT
Annual,ANUL
Answer,ANS
Append,APND
Assets,AST
Audits,AUDT
Author,AHR
Backed,BACK
Ballot,BALT
Banker,BNKER
Basket,BSKT
Bearer,BRR
Before,BFR
Billed,BILL
Bitmap,BMP
Border,BDR
Brakes,BRAKE
Branch,BR
Broker,BKR
Browse,BRWS
Budget,BDGT
Bureau,BUREA
Cancel,CNCL
Capita,CPTA
Carved,CRV
Casual,CSL
Census,CSS
Center,CNTR
Centre,CNTR
Change,CHG
Charge,CHRG
Checks,CHK
Cheque,CHK
Choice,CHC
Chosen,CHS
Claims,CLM
Clause,CLAUS
Client,CLNT
Closed,CLS
Column,CLMN
Commit,CMMT
Common,COM
Confer,CNF
Contra,CNTRA
County,CNTY
Coupon,CPN
Create,CRT
Credit,CR
Cursor,CRSR
Custom,CSTM
Cutoff,CTF
Debits,DB
Deduct,DDC
Define,DEF
Degree,DGR
Delete,DEL
Demand,DMD
Depart,DPRT
Design,DSGN
Detail,DTL
Device,DVC
Direct,DRC
Dollar,DLR
Domain,DMN
Double,DBL
Driven,DRVN
Driver,DRVR
Effect,EFF
E-Mail,EMAIL
Enable,ENBL
Engine,ENG
Entity,ENT
Equity,EQTY
Escrow,ESCRW
Ethnic,ETH
EU/EMU,EU_EMU
Events,EV
Excess,EXS
Exempt,EXMPT
Exotic,EXTC
Export,EXPRT
Expose,EXD
Factor,FCTR
Failed,FAIL
Family,FAM
Father,FTHR
Female,FML
Filing,FILG
Fiscal,FSC
Folder,FLDR
Footer,FOTR
Format,FMT
Former,FORMR
Future,FUTR
Gender,GND
Global,GLBL
Growth,GRW
Hazard,HZD
Header,HDR
Health,HLT
Height,HT
Holder,HLDR
Hybrid,HBRD
Impact,IMP
Import,IMPR
Income,INCM
Inflow,INFLOW
Insert,ISRT
Intent,ITN
Invest,IVS
Invoke,NVK
Inward,IWRD
Issued,ISSU
Issuer,ISSUR
Junior,JNR
Labour,LBR
Launch,LNCH
Ledger,LDGR
Length,LEN
Letter,LTR
Liquid,LQD
Listed,LIST
Lodged,LDG
Logoff,LOGOFF
Losses,LOSS
Lowest,LWS
Maiden,MDN
Manual,MNUL
Margin,MRGN
Market,MKT
Markup,MRKUP
Matrix,MTRX
Median,MD
Medium,MEDM
Member,MBR
Method,MTH
Middle,MDL
Mobile,MBL
Modify,MOD
Module,MUD
Months,MO
Mother,MTHR
Mutual,MTL
Nature,NTR
Netted,NETD
Non-FI,NON_FI
Normal,NRL
Notice,NTC
Notify,NOTF
Number,NBR
Object,OBJ
Occurs,OCCR
Office,OFFC
Offset,OFST
Oldest,OLDST
Online,OL
Opened,OPN
Option,OPT
Origin,ORIG
Outlet,OTLT
Output,OTPT
Owning,OWN
Packet,PKT
Pallet,PLT
Parent,PRN
Paying,PYG
Payoff,PYF
Pegged,PEG
Period,PRD
Permit,PRMT
Person,PSN
Places,PLC
Pledge,PLG
Policy,POLCY
Postal,PST
Posted,PST
Prefix,PFX
Priced,PRC
Profit,PFT
Prompt,PRMPT
Public,PBLC
Rating,RTG
Reason,RSN
Rebate,RBT
Recent,RT
Record,RCRD
Redeem,RDM
Refund,RFND
Refuse,RFS
Region,RGON
Reject,RJCT
Remain,RMAN
Rental,RENT
Reopen,ROPN
Repair,RPR
Repeat,REPEAT
Report,RPT
Result,RSLT
Retail,RTL
Retain,RTN
Return,RET
Review,RVW
Revoke,RVK
Reward,RWRD
Rights,RGHT
Router,RTER
Safety,SAFT
Salary,SLRY
Sample,SAMP
Saving,SVG
Scheme,SCM
School,SCH
Script,SCP
Search,SRCH
Season,SSON
Second,SCD
Sector,SCTR
Secure,SCR
Select,SEL
Seller,SELLR
Senior,SNR
Serial,SRL
Server,SRVR
Setoff,STOFF
Settle,SETL
Shadow,SHDW
Shares,SHR
Siebel,SIEBEL
Simple,SIMP
Single,SNGL
Smoker,SMK
Social,SOC
Source,SRC
Spouse,SPS
Spread,SPRD
Square,SQR
Static,STATC
Status,ST
Stolen,STLN
Street,STR
Stress,STRS
Strike,STRK
String,STRG
Sublet,SUBL
Subset,SSET
Suburb,SBRB
Suffix,SUFX
Supply,SPL
Survey,SURVY
Switch,SWTC
Symbol,SYMB
System,STM
Tandem,TNDM
Target,TRGT
Teller,TLR
Tenure,TNR
Thread,THRD
Ticket,TCKT
Titled,TTL
Tokens,TOKN
Traded,TRDD
Trader,TRDR
Travel,TVL
Unique,UNQ
Unpaid,UPD
Unused,UNUSED
Update,UDT
UPlift,ULIFT
Uptime,UPTM
Values,VAL
Vendor,VNDR
Verbal,VRBL
Viable,VIABL
Volume,VOL
Voting,VTG
Waived,WV
Waiver,WVR
Wallet,WLT
Wealth,WLTH
Weekly,WKLY
Weight,WGHT
Window,WNDW
Within,WI
Above,ABV
Added,ADD
Adult,ADLT
After,AF
Agent,AGNT
Aging,AGNG
Agree,AGR
Aisle,AISLE
Alarm,ALRM
Allow,ALW
Alpha,ALPHA
AR/AR,AR_X_AR
AR/CL,AR_X_CL
Asset,AST
Audio,ADO
Audit,AUDT
Await,AWAIT
Based,BASE
Basic,BSC
Basis,BSS
Batch,BTCH
Begin,BEG
Below,BL
Birth,BRTH
Black,BLCK
Block,BLC
Bonus,BNS
Brand,BRND
Break,BRK
Buyer,BUYR
Cable,CBL
Calls,CALL
Carry,CRR
Cause,CAUS
Chart,CHRT
Check,CHK
Chief,CHIEF
Child,CHL
Churn,CHRN
CL/IP,CL_X_IP
Claim,CLM
Class,CLSS
Clean,CLN
Clock,CLOCK
Close,CLS
Costs,COST
Count,CNT
Cover,CVR
Curve,CURV
Cycle,CYC
Daily,DLY
Death,DEATH
Debit,DB
Defer,DFR
Delay,DLAY
Delta,DELTA
Depth,DEPTH
Digit,DGT
Donor,DON
Draft,DRFT
Drawn,DRN
Early,ERLY
EMail,EMAIL
Empty,EMT
Entry,ENTR
Equal,EQ
Error,ERR
Euro-,EUR
Event,EV
Exact,EXACT
Exist,EXST
Extra,XTRA
Fault,FAULT
Fetch,FTCH
Field,FLD
Final,FNL
First,FRST
Fixed,FIX
Fleet,FLT
Float,FLOT
Floor,FLR
Force,FRC
Found,FN
Frame,FRM
Fraud,FRD
Fully,FULLY
Funds,FND
Gamma,GAMMA
Given,GVN
Goods,GDS
Grace,GRC
Grade,GRD
Grand,GR
Grant,GRNT
Gross,GRS
Group,GRP
Habit,HBT
Hedge,HDG
Hours,HRS
House,HS
Image,IMG
Incur,NCUR
Index,INDX
Infer,NFR
Input,INPT
IP/IP,IP_X_IP
IP/LO,IP_X_LO
Issue,ISSU
Items,ITM
Joint,JNT
Kiosk,KSK
Knock,KNK
Label,LBL
Large,LRG
Lease,LSE
Legal,LGL
Level,LVL
Limit,LMT
Lines,LMT
Loans,LOAN
Local,LCL
Lodge,LDG
Logon,LOGON
Lower,LWR
Match,MTCH
Means,MEANS
Media,MEDIA
Merge,MRG
Model,MODL
Modem,MDM
Money,MNY
Month,MO
Motor,MTR
moved,MOVD
Multi,MULTI
Music,MUSIC
Named,NM
Occur,OCCR
Offer,OFR
Order,ORDR
Other,OTHR
Owing,OW
Owned,OWN
Owner,OWN
Pager,PGR
Paper,PPR
Party,P
Payee,PAYEE
Peril,PRL
Phase,PHASE
Phone,PH
Place,PLC
Plans,PLN
Plant,PLNT
Point,PNT
Posts,PSTS
Power,PWR
Price,PRC
Prime,PRIM
Print,PRT
Prior,PREV
Queue,QU
Quick,QK
Quote,QTE
Radio,RADIO
Range,RNG
Rated,RATE
Rater,RATR
Ratio,RTO
Recur,RCR
Refer,REFR
Renew,RNEW
Repay,REPY
Reply,REPLY
Reset,RSET
Retry,RTR
Right,RGHT
Round,RND
Route,RTE
Sales,SALE
Saved,SV
Scale,SCL
Scope,SCOP
Score,SCOR
Scrub,SCRB
Share,SHR
Sheet,SHET
Shelf,SHELF
Shift,SHIFT
Short,SHRT
Since,SINCE
Skill,SKLL
Small,SML
Socio,Socio
Spawn,SPWN
Spend,SPD
Spent,SPT
Staff,STFF
Stamp,STMP
Start,STRT
State,STE
Stock,STK
Store,STORE
Strip,STRIP
Style,STL
Super,SUP
Sweep,SWP
Table,TBL
Tasks,TASK
Taxes,TAX
Telco,Telco
Telex,TELX
Terms,TERM
Theft,THEFT
Theta,THETA
Three,THREE
Tier1,TR1
Tier2,TR2
Tier3,TR3
Title,TTL
Token,TOKN
Topic,TOPC
Total,TOT
Trace,TRC
Track,TRCK
Tract,TRACT
Trade,TRD
Trail,TRL
Trend,TRND
Trips,TRIP
Truck,TRUK
Trunk,TRNK
Trust,TRST
Under,U
Units,UNITS
Upper,UPR
Usage,USG
Using,USING
Valid,VLD
Value,VAL
Vault,VLT
Video,VID
Visit,VISIT
Voice,Voce
Waive,WV
Watch,WTCH
Weeks,WK
Wheel,WHL
Width,WDTH
Worth,WRTH
Write,WRT
Years,YR
Yield,YLD
Young,YNG
A.M.,AM
Agio,AGIO
Anti,ANTI
Area,AREA
Back,BACK
Band,BAND
Bank,BNK
Base,BASE
Best,BEST
Beta,BETA
Bill,BILL
Blob,BLOB
Body,BODY
Bond,BOND
Book,BOOK
Both,BOTH
Call,CALL
Card,CARD
Case,CASE
Cash,CASH
Cell,CELL
Chip,CHP
City,CITY
Club,CLUB
Code,CODE
Coin,COIN
Copy,COPY
Cost,COST
Cube,CUBE
Data,DATA
Date,DT
Days,DYS
Deal,DEAL
Debt,DBT
Deed,DEED
Dial,DIAL
Door,DOOR
Down,DOWN
Drop,DROP
Each,EACH
Edit,EDIT
Euro,EUR
Ever,EVER
Face,FACE
Fact,FCT
Fail,FAIL
Fair,FAIR
Fees,FEE
File,FILE
Fill,FILL
Find,FN
Fine,FINE
Firm,FIRM
Flag,F
Flow,FLOW
Font,FNT
Form,FORM
Free,FREE
From,FM
Full,FULL
Fund,FND
Gain,GAIN
Gift,GIFT
Goal,GOAL
Gold,GLD
Grid,GRID
Half,HLF
Head,HD
Held,HELD
High,HIGH
Hold,HOLD
Home,HM
Hour,HR
Idle,IDLE
Item,ITM
Kerb,KERB
Kill,KILL
Kirb,KIRB
Land,LAND
Last,LAST
Late,LATE
Lead,LEAD
Lend,LND
Lent,LENT
Less,LESS
LGD*,LGD
Lien,LIEN
Life,LIFE
Line,LINE
List,LIST
Loan,LOAN
Lock,LOCK
Long,LONG
Lose,LST
Loss,LOSS
Lost,LOST
Mail,MAIL
Main,MAIN
Make,MAKE
Male,ML
Mast,MAST
Mean,MEAN
Mode,MODE
More,MORE
Name,NM
Next,NXT
Node,NODE
Note,NOTE
Null,NULL
Offs,Offs
Only,ONLY
Open,OPN
Over,OV
Owed,OW
Owns,OWN
Pack,PK
Page,PG
Paid,PAID
Part,PART
Pass,PS
Past,PAST
Path,PATH
Peak,PEAK
Plan,PLN
Pool,POOL
Port,PORT
Post,PST
Pre-,PRE
Race,RACE
Rank,RANK
Rate,RATE
Read,RD
Real,REAL
Rent,RENT
Risk,RSK
Roam,ROAM
Role,RL
Roll,ROLL
Roof,ROOF
Room,ROOM
Root,ROOT
Rule,RULE
Safe,SAFE
Sale,SALE
Save,SV
Scan,SCAN
Sell,SELL
Send,SND
Sent,SND
Ship,SHP
Sign,SIGN
Size,SZ
Skip,SKP
Slot,SLOT
Sold,SOLD
Sole,SOLE
Sort,SORT
Spot,SPOT
Step,STEP
Stop,STOP
Swap,SWAP
Teir,TR
Term,TERM
Test,TST
Text,TX
This,THIS
Tick,TICK
Tier,TR
Time,TM
Toll,TOLL
Trap,TRP
Trip,TRIP
Turn,TURN
Type,TP
U.S.,US
Unit,UNIT
Used,USED
User,USR
Vega,VEGA
View,VIEW
Visa,VISA
Vote,VT
Week,WK
Wire,WR
With,W
Work,WRK
Year,YR
Zero,ZERO
Zone,ZON
Add,ADD
Age,AGE
Air,AIR
And,AND
Art,ART
Bad,BAD
Bid,BID
Box,BOX
Buy,BUY
C**,C
Car,CAR
Cut,CUT
Day,DAY
Due,DUE
End,END
Fax,FAX
Fee,FEE
Fix,FIX
For,FOR
Gap,GAP
Hoc,Hoc
IAS,IAS
Key,KEY
Law,LAW
Leg,LEG
Log,LOG
Lot,LOT
Low,LOW
Map,MAP
Met,MET
Mix,MIX
Net,NET
New,NEW
Non,NON
Not,NOT
Off,OFF
Old,OLD
One,ONE
Our,OUR
Out,OUT
Owe,OW
Own,OWN
P&L,PL
Par,PAR
Pay,PY
Per,PER
Pre,PRE
Put,PUT
Q&A,Q_A
RE-,RE
Rho,RHO
Row,ROW
Run,RUN
Sea,SEA
Set,SET
Sum,SM
Tax,TAX
Top,TOP
Use,USE
VaR,VAR
Web,WEB
Win,WIN
Zip,ZIP
As,AS
At,AT
By,BY
C*,C
In,IN
Of,OF
On,ON
Or,OR
RE,RE
To,TO
Up,UP
-,_
/,X
(AOWNF),AOWNF
(EPS),EPS
(Income),_INCM_
(LCR),LCR
(LOSS),LOSS
(Losses),LOSS
(LTD),LTD
(NSFR),NSFR
(P_E),P_E
(P E),P_E
(PEG),PEG
(RSF),_RSF_
(Sox),SOX
&,AND
Surveillance,SURVEIL
Inspection,INSP
Submission,SUBM
Representative,RPRS
Enforcement,NFRC
Attachment,ATTCH
English,EN
Vietnamese,VI
Issuing,ISSU
Practitioner,PRAC
Identity,ID
Nationality,NAT
