scheme_code,code,name,source_type,source_table,used_in_entities
IP_ALT_ID_TYPE,NATIONAL_ID,CMND,etl_derived,,IP Alt Identification
IP_ALT_ID_TYPE,CITIZEN_ID,CCCD,etl_derived,,IP Alt Identification
IP_ALT_ID_TYPE,PASSPORT,Hộ chiếu,etl_derived,,IP Alt Identification
IP_ALT_ID_TYPE,BUSINESS_LICENSE,Giấy phép thành lập,etl_derived,,IP Alt Identification
IP_ALT_ID_TYPE,ESTABLISHMENT_DECISION,Quyết định thành lập,etl_derived,,IP Alt Identification
IP_ALT_ID_TYPE,OPERATING_LICENSE,Giấy phép đăng ký/hoạt động (GPDC/GPHĐ),etl_derived,,IP Alt Identification
IP_ALT_ID_TYPE,PRACTITIONER_LICENSE,Chứng chỉ hành nghề (CCHN),etl_derived,,IP Alt Identification
IP_ELEC_ADDR_TYPE,PHONE_HEAD_OFFICE,Điện thoại trụ sở chính,etl_derived,,IP Electronic Address
IP_ELEC_ADDR_TYPE,FAX_HEAD_OFFICE,Fax trụ sở chính,etl_derived,,IP Electronic Address
IP_ELEC_ADDR_TYPE,PHONE_BUSINESS,Điện thoại kinh doanh,etl_derived,,IP Electronic Address
IP_ELEC_ADDR_TYPE,EMAIL_BUSINESS,Email kinh doanh,etl_derived,,IP Electronic Address
IP_ELEC_ADDR_TYPE,FAX_BUSINESS,Fax kinh doanh,etl_derived,,IP Electronic Address
IP_ELEC_ADDR_TYPE,PHONE,Điện thoại,etl_derived,,IP Electronic Address
IP_ELEC_ADDR_TYPE,FAX,Fax,etl_derived,,IP Electronic Address
IP_ELEC_ADDR_TYPE,EMAIL,Email,etl_derived,,IP Electronic Address
IP_ELEC_ADDR_TYPE,MOBILE,Số di động,etl_derived,,IP Electronic Address
IP_ELEC_ADDR_TYPE,EMAIL_DISCLOSURE,Email công bố thông tin,etl_derived,,IP Electronic Address
IP_ADDR_TYPE,HEAD_OFFICE,Địa chỉ trụ sở chính,etl_derived,,IP Postal Address
IP_ADDR_TYPE,BUSINESS,Địa chỉ kinh doanh,etl_derived,,IP Postal Address
IP_ADDR_TYPE,PERMANENT,Nơi thường trú,etl_derived,,IP Postal Address
IP_ADDR_TYPE,CURRENT,Nơi ở hiện tại,etl_derived,,IP Postal Address
EDUCATION_LEVEL,(source),Trình độ học vấn — values from EducationLevels,source_table,NHNCK.qlnhn.EducationLevels,Securities Practitioner
APPLICATION_STATUS,(source),Trạng thái hồ sơ — values from ApplicationStatuses,source_table,NHNCK.qlnhn.ApplicationStatuses,License Application | App Processing Activity Log
CERTIFICATE_TYPE,(source),Loại chứng chỉ hành nghề — values from Certificates,source_table,NHNCK.qlnhn.Certificates,License Application | License Certificate Document | Organization Employment Report
SPECIALIZATION,(source),Chuyên môn — values from Specializations,source_table,NHNCK.qlnhn.Specializations,App Education Certificate Document
DOCUMENT_TYPE,(source),Loại tài liệu — values from Documents,source_table,NHNCK.qlnhn.Documents,App Document Attachment
APPLICATION_SOURCE,(source),Hình thức nộp hồ sơ — values from ApplicationSources,source_table,NHNCK.qlnhn.ApplicationSources,(reserved — chưa có trường nguồn map)
POSITION,(source),Chức vụ — values from Positions,source_table,NHNCK.qlnhn.Positions,(reserved — WorkHistories dùng text tự do)
REGISTRATION_TYPE,(to_define),Loại đăng ký — cần xác nhận giá trị từ data,modeler_defined,NHNCK.qlnhn.Applications.RegistrationType,License Application
APPLICATION_TYPE,(to_define),"Loại hồ sơ (cấp mới, cấp lại, gia hạn...) — cần xác nhận từ data",modeler_defined,NHNCK.qlnhn.Applications.ApplicationType,License Application
CERTIFICATE_RECEIPT_METHOD,(to_define),Phương thức nhận chứng chỉ — cần xác nhận từ data,modeler_defined,NHNCK.qlnhn.Applications.CertificateReceiptMethod,License Application
CERTIFICATE_RECEIPT_STATUS,(to_define),Trạng thái nhận chứng chỉ — cần xác nhận từ data,modeler_defined,NHNCK.qlnhn.Applications.ReceiptStatus,License Application
APPRAISAL_STATUS,(to_define),Trạng thái thẩm định tài liệu — cần xác nhận từ data,modeler_defined,NHNCK.qlnhn.ApplicationSpecializations.Status,App Education Certificate Document | App Document Attachment
FEE_TYPE,(to_define),Loại phí — cần xác nhận từ data,modeler_defined,NHNCK.qlnhn.ApplicationFees.FeeType,License Application Fee
PAYMENT_STATUS,(to_define),Trạng thái thanh toán — cần xác nhận từ data,modeler_defined,NHNCK.qlnhn.ApplicationFees.Status,License Application Fee
VERIFICATION_LEVEL,(to_define),Cấp phê duyệt (LĐCM/LĐUB) — cần xác nhận từ data,modeler_defined,NHNCK.qlnhn.VerifyApplicationStatuses.VerifyLevel,App Verification Status
VERIFICATION_STATUS,(to_define),Trạng thái phê duyệt — cần xác nhận từ data,modeler_defined,NHNCK.qlnhn.VerifyApplicationStatuses.VerifyStatus,App Verification Status
INDIVIDUAL_GENDER,(to_define),Giới tính — cần xác nhận từ data,modeler_defined,NHNCK.qlnhn.ProfessionalHistories.Gender,Securities Practitioner
NATIONALITY,(to_define),Quốc tịch — cần xác nhận từ data (có thể dùng ISO 3166),modeler_defined,NHNCK.qlnhn.ProfessionalHistories.NationalityId,Securities Practitioner
PRACTICE_STATUS,(to_define),Trạng thái hành nghề — cần xác nhận từ data,modeler_defined,NHNCK.qlnhn.ProfessionalHistories.StatusWork,Securities Practitioner
PRACTITIONER_REGISTRATION_TYPE,(to_define),Hình thức đăng ký người hành nghề vào hệ thống — cần xác nhận từ data,modeler_defined,NHNCK.qlnhn.ProfessionalHistories.RegistrationType,Securities Practitioner
C06_VERIFICATION_STATUS,(to_define),Trạng thái xác thực C06 — cần xác nhận từ data,modeler_defined,NHNCK.qlnhn.Professionals.VerifyStatus,Securities Practitioner | Identity Verification Record
CERTIFICATE_STATUS,(to_define),Trạng thái chứng chỉ — cần xác nhận từ data,modeler_defined,NHNCK.qlnhn.CertificateRecords.Status,License Certificate Document | Certificate Document Status History (From/To)
DIGITAL_SIGNATURE_STATUS,(to_define),Trạng thái ký số — cần xác nhận từ data,modeler_defined,NHNCK.qlnhn.CertificateRecords.SignStatus,License Certificate Document
GROUP_TYPE,(to_define),Loại nhóm chứng chỉ (Cấp/Thu hồi/Hủy/Chuyển đổi) — cần xác nhận từ data,modeler_defined,NHNCK.qlnhn.CertificateRecordGroups.GroupType,License Certificate Group Document
GROUP_STATUS,(to_define),Trạng thái nhóm — cần xác nhận từ data,modeler_defined,NHNCK.qlnhn.CertificateRecordGroups.Status,License Certificate Group Document
ACTIVITY_ACTION,(to_define),Loại hành động trên chứng chỉ — cần xác nhận từ data,modeler_defined,NHNCK.qlnhn.CertificateRecordLogs.Action,Certificate Document Activity Log
RELATIONSHIP_TYPE,(to_define),"Quan hệ (1:Vợ/Chồng, 2:Con, 3:Bố, 4:Mẹ, 5:Ông, 6:Bà) — cần xác nhận từ data",modeler_defined,NHNCK.qlnhn.ProfessionalRelationships.RelationshipType,Related Party
COUNTRY,(to_define),Quốc gia — cần xác nhận từ data (có thể dùng ISO 3166),modeler_defined,NHNCK.qlnhn.ProfessionalRelationships.CountryId,Related Party
CONDUCT_VIOLATION_TYPE,(to_define),Loại vi phạm (Pháp luật/Hành chính) — cần xác nhận từ data,modeler_defined,NHNCK.qlnhn.Violations.ViolationType,Conduct Violation
VIOLATION_STATUS,(to_define),Trạng thái vi phạm (Hiệu lực/Không hiệu lực) — cần xác nhận từ data,modeler_defined,NHNCK.qlnhn.Violations.Status,Conduct Violation
REPORT_TYPE,(to_define),Loại báo cáo — cần xác nhận từ data,modeler_defined,NHNCK.qlnhn.OrganizationReports.Type,Organization Employment Report
COURSE_STATUS,(to_define),"Trạng thái khóa học (1:HĐ, 0:Không HĐ, -1:Đã xóa)",modeler_defined,NHNCK.qlnhn.SpecializationCourses.Status,Professional Training Class
TRAINING_RESULT,(to_define),Kết quả đào tạo — cần xác nhận từ data,modeler_defined,NHNCK.qlnhn.SpecializationCourseDetails.Result,Professional Training Class Enrollment
EXAMINATION_STATUS,(to_define),Trạng thái đợt thi (Khởi tạo/Đang thực hiện/Hoàn thành),modeler_defined,NHNCK.qlnhn.ExamSessions.Status,Qualification Examination Assessment
EXAMINATION_RESULT,(to_define),Kết quả thi (Đạt/Không đạt/Chưa thi),modeler_defined,NHNCK.qlnhn.ExamDetails.Result,Qualification Examination Assessment Result
ORGANIZATION_TYPE,(to_define),"Loại tổ chức (1:CTCK, 2:QLQ, 3:NH, 4:Khác)",modeler_defined,NHNCK.qlnhn.Organizations.OrganizationTypeId,Securities Organization Reference
ORGANIZATION_LEVEL,(to_define),Cấp độ tổ chức,modeler_defined,NHNCK.qlnhn.Organizations.Level,Securities Organization Reference
ORGANIZATION_STATUS,(to_define),Trạng thái tổ chức,modeler_defined,NHNCK.qlnhn.Organizations.Status,Securities Organization Reference
SYNC_STATUS,(to_define),Trạng thái đồng bộ,modeler_defined,NHNCK.qlnhn.Organizations.SyncStatus,Securities Organization Reference
DECISION_TYPE,(to_define),Loại quyết định,modeler_defined,NHNCK.qlnhn.Decisions.TypeId,License Decision Document
DECISION_STATUS,(to_define),Trạng thái quyết định,modeler_defined,NHNCK.qlnhn.Decisions.Status,License Decision Document
ORGANIZATION_UNIT_TYPE,UNIT,Đơn vị,etl_derived,,Regulatory Authority Organization Unit
ORGANIZATION_UNIT_TYPE,DEPARTMENT,Phòng ban,etl_derived,,Regulatory Authority Organization Unit
ORGANIZATION_UNIT_STATUS,(to_define),Trạng thái đơn vị/phòng ban,modeler_defined,NHNCK.qlnhn.Units.Status,Regulatory Authority Organization Unit
OFFICER_STATUS,(to_define),Trạng thái người dùng,modeler_defined,NHNCK.qlnhn.Users.Status,Regulatory Authority Officer
LIFE_CYCLE_STATUS,(source),Trạng thái vòng đời thành viên — values from FIMS.STATUS,source_table,FIMS.STATUS,Custodian Bank | Depository Center | Fund Management Company | Fund Management Company Organization Unit | Investment Fund | National Securities Exchange | Securities Practitioner License Profile | Stock Broker
LIFE_CYCLE_STATUS,ACTIVE,Còn hiệu lực,etl_derived,FMS.INVESACC.Status,Discretionary Investment Account
LIFE_CYCLE_STATUS,INACTIVE,Hết hiệu lực,etl_derived,FMS.INVESACC.Status,Discretionary Investment Account
LIFE_CYCLE_STATUS,00,Đang hoạt động,etl_derived,DCST.THONG_TIN_DK_THUE.TRANG_THAI_HOAT_DONG,Registered Taxpayer
LIFE_CYCLE_STATUS,01,Ngừng HĐ đã hoàn thành thủ tục chấm dứt hiệu lực MST,etl_derived,DCST.THONG_TIN_DK_THUE.TRANG_THAI_HOAT_DONG,Registered Taxpayer
LIFE_CYCLE_STATUS,03,Ngừng HĐ chưa hoàn thành thủ tục chấm dứt hiệu lực MST,etl_derived,DCST.THONG_TIN_DK_THUE.TRANG_THAI_HOAT_DONG,Registered Taxpayer
LIFE_CYCLE_STATUS,04,Đang hoạt động,etl_derived,DCST.THONG_TIN_DK_THUE.TRANG_THAI_HOAT_DONG,Registered Taxpayer
LIFE_CYCLE_STATUS,05,Ngừng kinh doanh có thời hạn,etl_derived,DCST.THONG_TIN_DK_THUE.TRANG_THAI_HOAT_DONG,Registered Taxpayer
LIFE_CYCLE_STATUS,06,Không hoạt động tại địa chỉ đã đăng ký,etl_derived,DCST.THONG_TIN_DK_THUE.TRANG_THAI_HOAT_DONG,Registered Taxpayer
TAXPAYER_CESSATION_TYPE,1,Giải thể,etl_derived,DCST.THONG_TIN_DK_THUE.LOAI_NGUNG_HOAT_DONG,Registered Taxpayer
TAXPAYER_CESSATION_TYPE,2,Phá sản,etl_derived,DCST.THONG_TIN_DK_THUE.LOAI_NGUNG_HOAT_DONG,Registered Taxpayer
TAXPAYER_CESSATION_TYPE,3,"Chuyển đổi loại hình DN, tổ chức sắp xếp loại DN",etl_derived,DCST.THONG_TIN_DK_THUE.LOAI_NGUNG_HOAT_DONG,Registered Taxpayer
TAXPAYER_CESSATION_TYPE,4,Cho làm thủ tục giải thể,etl_derived,DCST.THONG_TIN_DK_THUE.LOAI_NGUNG_HOAT_DONG,Registered Taxpayer
TAXPAYER_CESSATION_TYPE,5,Cho làm thủ tục phá sản,etl_derived,DCST.THONG_TIN_DK_THUE.LOAI_NGUNG_HOAT_DONG,Registered Taxpayer
TAXPAYER_CESSATION_TYPE,6,Cho làm thủ tục tổ chức lại tổ chức kinh tế,etl_derived,DCST.THONG_TIN_DK_THUE.LOAI_NGUNG_HOAT_DONG,Registered Taxpayer
TAXPAYER_CESSATION_TYPE,7,Bị thu hồi giấy phép hoạt động,etl_derived,DCST.THONG_TIN_DK_THUE.LOAI_NGUNG_HOAT_DONG,Registered Taxpayer
TAXPAYER_CESSATION_TYPE,8,Đóng theo đơn vị chủ quản (MST 13 số),etl_derived,DCST.THONG_TIN_DK_THUE.LOAI_NGUNG_HOAT_DONG,Registered Taxpayer
TAXPAYER_CESSATION_TYPE,9,Khác,etl_derived,DCST.THONG_TIN_DK_THUE.LOAI_NGUNG_HOAT_DONG,Registered Taxpayer
TAX_RETURN_TYPE,(to_define),"Loại tờ khai (lần đầu, bổ sung, điều chỉnh...) — cần profile data LOAI_TKHAI",modeler_defined,DCST.TCT_BAO_CAO.LOAI_TKHAI,Tax Financial Statement
REPORTING_PERIOD_TYPE,(to_define),"Kiểu kỳ kê khai (tháng, quý, năm...) — cần profile data KIEU_KY",modeler_defined,DCST.TCT_BAO_CAO.KIEU_KY,Tax Financial Statement
AUDIT_STATUS,(to_define),Trạng thái kiểm toán BCTC — cần profile data TRANG_THAI_KT,modeler_defined,DCST.TCT_BAO_CAO.TRANG_THAI_KT,Tax Financial Statement
TAX_ENFORCEMENT_TYPE,(to_define),"Hình thức cưỡng chế (trích tiền TK, kê biên TS, ngừng sử dụng HĐ...) — cần profile data MA_HTCC",modeler_defined,DCST.TCT_TT_CUONG_CHE_NO|DCST.TCT_TTCCN_HOA_DON,Tax Debt Enforcement Order | Tax Invoice Enforcement Order
INVOICE_TYPE,(to_define),Loại hóa đơn — cần profile data LOAI_HOA_DON,modeler_defined,DCST.HOA_DON_CHI_TIET,Tax Invoice Enforcement Order Item
FMS_OPERATION_STATUS,(source),Trạng thái hoạt động của tổ chức/cá nhân trong hệ thống FMS,source_table,FMS.STATUS,Fund Management Company | Foreign Fund Management Organization Unit | Custodian Bank | Fund Distribution Agent
FMS_AGENCY_TYPE,(source),Loại đại lý phân phối quỹ đầu tư,source_table,FMS.AGENCYTYPE,Fund Distribution Agent
GEOGRAPHIC_AREA_TYPE,COUNTRY,Quốc gia / quốc tịch — từ FIMS.NATIONAL + FMS.NATIONAL + SCMS.DM_QUOC_TICH,etl_derived,"FIMS.NATIONAL, FMS.NATIONAL, SCMS.DM_QUOC_TICH",Geographic Area
GEOGRAPHIC_AREA_TYPE,PROVINCE,Tỉnh / thành phố trong nước — từ SCMS.DM_TINH_THANH,etl_derived,SCMS.DM_TINH_THANH,Geographic Area
FMS_STOCKHOLDER_TYPE,(source),Danh mục loại hình nhà đầu tư/cổ đông trong hệ thống FMS,source_table,FMS.STOCKHOLDERTYPE,Discretionary Investment Investor
FMS_REPORTING_PERIOD_TYPE,DAILY,Ngày,etl_derived,FMS.RPTPERIOD.PeriodType,Reporting Period | Member Periodic Report | Report Import Value
FMS_REPORTING_PERIOD_TYPE,WEEKLY,Tuần,etl_derived,FMS.RPTPERIOD.PeriodType,Reporting Period | Member Periodic Report | Report Import Value
FMS_REPORTING_PERIOD_TYPE,MONTHLY,Tháng,etl_derived,FMS.RPTPERIOD.PeriodType,Reporting Period | Member Periodic Report | Report Import Value
FMS_REPORTING_PERIOD_TYPE,QUARTERLY,Quý,etl_derived,FMS.RPTPERIOD.PeriodType,Reporting Period | Member Periodic Report | Report Import Value
FMS_REPORTING_PERIOD_TYPE,SEMI_ANNUAL,Bán niên,etl_derived,FMS.RPTPERIOD.PeriodType,Reporting Period | Member Periodic Report | Report Import Value
FMS_REPORTING_PERIOD_TYPE,ANNUAL,Năm,etl_derived,FMS.RPTPERIOD.PeriodType,Reporting Period | Member Periodic Report | Report Import Value
FMS_FUND_TYPE,(source),Loại hình quỹ đầu tư,source_table,FMS.FUNDS.FundType,Investment Fund
FMS_JOB_TYPE,(source),Loại chức vụ nhân sự công ty QLQ,source_table,FMS.JOBTYPE,Fund Management Company Key Person
FMS_ORGANIZATION_UNIT_TYPE,BRANCH,Chi nhánh,etl_derived,FMS.BRANCHES.BrType,Fund Management Company Organization Unit
FMS_ORGANIZATION_UNIT_TYPE,REPRESENTATIVE_OFFICE,Văn phòng đại diện,etl_derived,FMS.BRANCHES.BrType,Fund Management Company Organization Unit
FMS_RATING_CLASS,(to_define),Xếp loại kết quả đánh giá — cần profile data RankClass,modeler_defined,FMS.RANK.RankClass,Member Rating
FMS_REPRESENT_STATUS,ACTIVE,Hoạt động,etl_derived,FMS.REPRESENT.Status,Investment Fund Representative Board Member
FMS_REPRESENT_STATUS,INACTIVE,Khóa,etl_derived,FMS.REPRESENT.Status,Investment Fund Representative Board Member
FMS_FOREIGN_OU_TYPE,REPRESENTATIVE_OFFICE,Văn phòng đại diện NN,etl_derived,FMS.STFFGBRCH.FnType,Foreign Fund Management Organization Unit Staff
FMS_FOREIGN_OU_TYPE,BRANCH,Chi nhánh NN,etl_derived,FMS.STFFGBRCH.FnType,Foreign Fund Management Organization Unit Staff
FMS_REPORT_TYPE,PERIODIC,Báo cáo định kỳ,etl_derived,FMS.RPTMEMBER.ReportType,Member Periodic Report
FMS_REPORT_TYPE,AD_HOC,Báo cáo bất thường,etl_derived,FMS.RPTMEMBER.ReportType,Member Periodic Report
FMS_REPORTING_MEMBER_TYPE,FMC,Công ty quản lý quỹ,etl_derived,FMS.RPTMEMBER.Type,Member Periodic Report | Report Import Value
FMS_REPORTING_MEMBER_TYPE,CUSTODIAN_BANK,Ngân hàng lưu ký giám sát,etl_derived,FMS.RPTMEMBER.Type,Member Periodic Report | Report Import Value
FMS_REPORTING_MEMBER_TYPE,FOREIGN_FMC_BRANCH,Chi nhánh QLQ nước ngoài,etl_derived,FMS.RPTMEMBER.Type,Member Periodic Report
FMS_REPORTING_MEMBER_TYPE,FOREIGN_FMC_REP,Văn phòng đại diện QLQ nước ngoài,etl_derived,FMS.RPTMEMBER.Type,Member Periodic Report
FMS_REPORTING_MEMBER_TYPE,INVESTMENT_FUND,Quỹ đầu tư chứng khoán,etl_derived,FMS.RPTMEMBER.Type,Member Periodic Report | Report Import Value
FMS_REPORT_SUBMISSION_STATUS,PENDING,Chưa gửi,etl_derived,FMS.RPTMEMBER.Status,Member Periodic Report | Member Periodic Report Status Log
FMS_REPORT_SUBMISSION_STATUS,SUBMITTED,Đã gửi,etl_derived,FMS.RPTMEMBER.Status,Member Periodic Report | Member Periodic Report Status Log
FMS_REPORT_SUBMISSION_STATUS,LATE,Gửi muộn,etl_derived,FMS.RPTMEMBER.Status,Member Periodic Report | Member Periodic Report Status Log
FMS_REPORT_SUBMISSION_STATUS,CANCELLED,Bị hủy,etl_derived,FMS.RPTMEMBER.Status,Member Periodic Report | Member Periodic Report Status Log
FMS_TRANSFER_TYPE,(to_define),Loại giao dịch CCQ — cần profile data TransType,modeler_defined,FMS.TRANSFERMBF.TransType,Investment Fund Certificate Transfer
FMS_CELL_DATA_TYPE,NUMERIC,Số,etl_derived,FMS.RPTVALUES.FormatDataType,Report Import Value
FMS_CELL_DATA_TYPE,STRING,Ký tự,etl_derived,FMS.RPTVALUES.FormatDataType,Report Import Value
FMS_BUSINESS_TYPE,(source),Ngành nghề kinh doanh của tổ chức trong hệ thống FMS,source_table,FMS.BUSINESS,Fund Management Company | Foreign Fund Management Organization Unit
FMS_RELATION_TYPE,(source),Quan hệ giữa NĐT và người liên quan,source_table,FMS.RELATION,Discretionary Investment Investor
FMS_VIOLATION_TYPE,(to_define),Loại vi phạm trong hoạt động quản lý quỹ — cần profile data ViolType,modeler_defined,FMS.VIOLT.ViolType,Fund Management Conduct Violation
FMS_VIOLATION_STATUS,(to_define),Trạng thái xử lý vi phạm — cần profile data ViolStatus,modeler_defined,FMS.VIOLT.ViolStatus,Fund Management Conduct Violation
FMS_REPORT_VALUE_TYPE,(to_define),Loại giá trị trong báo cáo thành viên — cần profile data Type,modeler_defined,FMS.RPTVALUES.Type,Member Report Value
IP_ELEC_ADDR_TYPE,WEBSITE,Website tổ chức,etl_derived,,IP Electronic Address
SCMS_COMPANY_TYPE,(source),Loại công ty (CTCK cổ phần/TNHH/nhà nước...),source_table,SCMS.DM_LOAI_CONG_TY,Securities Company
SCMS_COMPANY_STATUS,(source),Trạng thái hoạt động của CTCK — bao gồm flag gửi báo cáo và công bố thông tin,source_table,SCMS.DM_TRANG_THAI_CTCK,Securities Company
SCMS_SERVICE_TYPE,(source),Dịch vụ được phép cung cấp của CTCK,source_table,SCMS.DM_DICH_VU,Securities Company Organization Unit
SCMS_POSITION_TYPE,(source),Chức vụ của nhân sự cao cấp CTCK,source_table,SCMS.DM_CHUC_VU,Securities Company Senior Personnel
SCMS_SHAREHOLDER_RELATION_TYPE,(source),Loại mối quan hệ giữa cổ đông và người liên quan,source_table,SCMS.DM_MOI_QUAN_HE,Securities Company Shareholder
SCMS_BUSINESS_SECTOR,(source),Ngành nghề kinh doanh đăng ký của CTCK,source_table,SCMS.DM_NGANH_NGHE_KD,Securities Company
SCMS_SHAREHOLDER_TXN_TYPE,(source),Loại giao dịch cổ đông (mua/bán/tặng/thừa kế...),source_table,SCMS.DM_LOAI_GIAO_DICH_CD,"Securities Company Shareholder Transfer, Disclosure Shareholder Change"
SCMS_VIOLATION_TYPE,(source),Loại vi phạm báo cáo (gửi muộn/không gửi/sai nội dung...),source_table,SCMS.DM_LOAI_VI_PHAM,Securities Company Report Violation
SCMS_INCIDENT_TYPE,(source),Loại sự vụ trong quản lý CTCK,source_table,SCMS.DM_SU_VU,Securities Company Administrative Penalty
SCMS_INDICATOR_GROUP,(source),Nhóm chỉ tiêu báo cáo,source_table,SCMS.DM_CHI_TIEU_DM,Report Indicator
SCMS_STATISTICAL_CODE,(source),Mã thống kê của chỉ tiêu,source_table,SCMS.DM_THONG_KE,Report Indicator
SCMS_ORG_UNIT_TYPE,BRANCH,Chi nhánh,etl_derived,,Securities Company Organization Unit
SCMS_ORG_UNIT_TYPE,REPRESENTATIVE_OFFICE,Văn phòng đại diện,etl_derived,,Securities Company Organization Unit
SCMS_ORG_UNIT_TYPE,TRANSACTION_OFFICE,Phòng giao dịch,etl_derived,,Securities Company Organization Unit
SCMS_REPORT_DIRECTION_TYPE,0,Báo cáo đầu vào,etl_derived,SCMS.scms.BM_BAO_CAO.LOAI_BAO_CAO,Report Template
SCMS_REPORT_DIRECTION_TYPE,1,Báo cáo đầu ra,etl_derived,SCMS.scms.BM_BAO_CAO.LOAI_BAO_CAO,Report Template
SCMS_REPORT_LAYOUT_TYPE,1,Báo cáo hàng cột,etl_derived,SCMS.scms.BM_SHEET.KIEU_BAO_CAO,Report Template Sheet
SCMS_REPORT_LAYOUT_TYPE,2,Báo cáo hàng,etl_derived,SCMS.scms.BM_SHEET.KIEU_BAO_CAO,Report Template Sheet
SCMS_REPORT_LAYOUT_TYPE,3,Báo cáo cột,etl_derived,SCMS.scms.BM_SHEET.KIEU_BAO_CAO,Report Template Sheet
SCMS_INDICATOR_DATA_TYPE,1,Danh mục,etl_derived,SCMS.scms.DM_CHI_TIEU.KIEU_DU_LIEU,Report Indicator
SCMS_INDICATOR_DATA_TYPE,2,Công thức,etl_derived,SCMS.scms.DM_CHI_TIEU.KIEU_DU_LIEU,Report Indicator
SCMS_INDICATOR_DATA_TYPE,3,Số,etl_derived,SCMS.scms.DM_CHI_TIEU.KIEU_DU_LIEU,Report Indicator
SCMS_INDICATOR_DATA_TYPE,4,Ký tự,etl_derived,SCMS.scms.DM_CHI_TIEU.KIEU_DU_LIEU,Report Indicator
SCMS_INDICATOR_DATA_TYPE,5,Ngày tháng,etl_derived,SCMS.scms.DM_CHI_TIEU.KIEU_DU_LIEU,Report Indicator
SCMS_CALCULATION_METHOD,1,Cộng dồn,etl_derived,SCMS.scms.DM_CHI_TIEU.CACH_TINH,Report Indicator
SCMS_CALCULATION_METHOD,2,Tính đến thời điểm,etl_derived,SCMS.scms.DM_CHI_TIEU.CACH_TINH,Report Indicator
SCMS_ORG_UNIT_STATUS,(to_define),Trạng thái chi nhánh/VPDD/PGD — cần profile data TRANG_THAI_CHI_NHANH/TRANG_THAI_VPDD/TRANG_THAI_PGD,modeler_defined,"SCMS.scms.CTCK_CHI_NHANH.TRANG_THAI_CHI_NHANH, SCMS.scms.CTCK_VP_DAI_DIEN.TRANG_THAI_VPDD, SCMS.scms.CTCK_PHONG_GIAO_DICH.TRANG_THAI_PGD",Securities Company Organization Unit
SCMS_PERSONNEL_STATUS,(to_define),Trạng thái nhân sự cao cấp CTCK — cần profile data TRANG_THAI_NHAN_SU,modeler_defined,SCMS.scms.CTCK_NHAN_SU_CAO_CAP.TRANG_THAI_NHAN_SU,Securities Company Senior Personnel
SCMS_SHAREHOLDER_TYPE,(to_define),Loại cổ đông: IS_CA_NHAN — cần ánh xạ sang Individual/Organization,modeler_defined,SCMS.scms.CTCK_CO_DONG.IS_CA_NHAN,Securities Company Shareholder
SCMS_AUDIT_FIRM_PRACTITIONER_STATUS,(to_define),Trạng thái kiểm toán viên — cần profile data TRANG_THAI,modeler_defined,SCMS.scms.CT_KIEM_TOAN_VIEN.TRANG_THAI,Audit Firm Practitioner
SCMS_SCHEDULE_STATUS,(to_define),Trạng thái định kỳ gửi báo cáo — cần profile data SU_DUNG,modeler_defined,SCMS.scms.BM_BAO_CAO_DINH_KY.SU_DUNG,Report Submission Schedule
SCMS_REPORT_SUBMISSION_STATUS,(source),Trạng thái lần gửi báo cáo: 4-Đã gửi; 5-Yêu cầu gửi lại; 6-Đã gửi lại,source_table,SCMS.scms.BC_THANH_VIEN.TRANG_THAI,Member Periodic Report
SCMS_DISCLOSURE_TYPE,(to_define),Loại công bố thông tin — cần profile data LOAI_CONG_BO,modeler_defined,SCMS.scms.CBTT_BAO_CAO.LOAI_CONG_BO,Disclosure Report Submission
SCMS_DISCLOSURE_METHOD,(to_define),Kiểu công bố thông tin — cần profile data KIEU_CONG_BO,modeler_defined,SCMS.scms.CBTT_BAO_CAO.KIEU_CONG_BO,Disclosure Report Submission
SCMS_DISCLOSURE_STATUS,(to_define),Trạng thái công bố thông tin — cần profile data TRANG_THAI,modeler_defined,"SCMS.scms.CBTT_BAO_CAO.TRANG_THAI, SCMS.scms.CBTT_CHAO_BAN_CHUNG_KHOAN.TRANG_THAI, SCMS.scms.CBTT_CO_DONG.TRANG_THAI","Disclosure Report Submission, Disclosure Securities Offering, Disclosure Shareholder Change"
SCMS_OFFERING_FORM,(to_define),Hình thức chào bán chứng khoán — cần profile data HINH_THUC_CHAO_BAN,modeler_defined,SCMS.scms.CBTT_CHAO_BAN_CHUNG_KHOAN.HINH_THUC_CHAO_BAN,Disclosure Securities Offering
SCMS_OFFERING_TARGET,(to_define),Đối tượng chào bán — cần profile data DOI_TUONG_CHAO_BAN,modeler_defined,SCMS.scms.CBTT_CHAO_BAN_CHUNG_KHOAN.DOI_TUONG_CHAO_BAN,Disclosure Securities Offering
SCMS_PENALTY_FORM,(to_define),Hình thức xử lý hành chính — cần profile data HINH_THUC,modeler_defined,SCMS.scms.CTCK_XU_LY_HANH_CHINH.HINH_THUC,Securities Company Administrative Penalty
SCMS_PENALTY_STATUS,(to_define),Trạng thái quyết định xử lý hành chính — cần profile data TRANG_THAI,modeler_defined,SCMS.scms.CTCK_XU_LY_HANH_CHINH.TRANG_THAI,Securities Company Administrative Penalty
SCMS_VIOLATION_RECORD_STATUS,(to_define),Trạng thái bản ghi vi phạm — cần profile data TRANG_THAI,modeler_defined,SCMS.scms.BC_VI_PHAM.TRANG_THAI,Securities Company Report Violation
SCMS_SHAREHOLDER_TRANSFER_STATUS,(to_define),Trạng thái chuyển nhượng cổ phần — cần profile data TRANG_THAI,modeler_defined,SCMS.scms.CTCK_CD_CHUYEN_NHUONG.TRANG_THAI,Securities Company Shareholder Transfer
SCMS_RELATED_PARTY_RELATIONSHIP,(to_define),Loại mối quan hệ người liên quan với cổ đông — cần profile data MOI_QUAN_HE,modeler_defined,SCMS.scms.CTCK_CD_MOI_QUAN_HE.MOI_QUAN_HE,Securities Company Shareholder Related Party
SCMS_SHAREHOLDER_REPRESENTATIVE_STATUS,(to_define),Trạng thái người đại diện cổ đông — cần profile data TRANG_THAI,modeler_defined,SCMS.scms.CTCK_CD_DAI_DIEN.TRANG_THAI,Securities Company Shareholder Representative
SCMS_SHAREHOLDER_RELATED_PARTY_STATUS,(to_define),Trạng thái bản ghi người liên quan — cần profile data TRANG_THAI,modeler_defined,SCMS.scms.CTCK_CD_MOI_QUAN_HE.TRANG_THAI,Securities Company Shareholder Related Party
SCMS_OBLIGATION_STATUS,(to_define),Trạng thái nghĩa vụ gửi báo cáo — cần profile data,modeler_defined,SCMS.scms.BM_BAO_CAO_DINH_KY_DON_VI,Report Submission Obligation
IP_ADDR_TYPE,ADDRESS,Địa chỉ chung (không phân biệt loại),etl_derived,,IP Postal Address
IP_ELEC_ADDR_TYPE,HOTLINE,Số điện thoại hotline,etl_derived,,IP Electronic Address
TT_FORM_TYPE,(source),Loại biểu mẫu thanh tra,source_table,ThanhTra.DM_BIEU_MAU,Inspection Annual Plan
TT_POSITION_TYPE,(source),Chức vụ trong đoàn thanh tra,source_table,ThanhTra.DM_CHUC_VU,Inspection Annual Plan | Inspection Case
TT_UNIT_TYPE,(source),Đơn vị UBCKNN chủ trì,source_table,ThanhTra.DM_DON_VI,Inspection Annual Plan
TT_CASE_TYPE,(source),Loại hồ sơ thanh tra/giám sát,source_table,ThanhTra.DM_HO_SO,Inspection Case | Surveillance Enforcement Case | AML Enforcement Case
TT_CASE_STATUS,(source),Trạng thái hồ sơ xử lý,source_table,ThanhTra.DM_TRANG_THAI_HO_SO,Inspection Case | Surveillance Enforcement Case | AML Enforcement Case
TT_INSPECTION_SECTOR,(source),Lĩnh vực thanh tra kiểm tra,source_table,ThanhTra.DM_LINH_VUC,Inspection Annual Plan | Inspection Case
TT_VIOLATION_TYPE,(source),Hành vi vi phạm,source_table,ThanhTra.DM_HANH_VI_VI_PHAM,Inspection Conclusion | Surveillance Enforcement Decision | AML Enforcement Decision
TT_PENALTY_TYPE,(source),Hình thức phạt,source_table,ThanhTra.DM_HINH_THUC_PHAT,Inspection Conclusion | Surveillance Enforcement Decision | AML Enforcement Decision
TT_DOCUMENT_FORM_TYPE,(source),Hình thức văn bản (quyết định/công văn/thông báo),source_table,ThanhTra.DM_HINH_THUC_VAN_BAN,Inspection Decision
TT_BUSINESS_SECTOR,(source),Mảng nghiệp vụ được thanh tra/giám sát,source_table,ThanhTra.DM_MANG_NGHIEP_VU,Inspection Decision | Surveillance Enforcement Case | AML Enforcement Case
TT_SECURITY_LEVEL,(source),Mức độ bảo mật hồ sơ,source_table,ThanhTra.DM_MUC_DO_BAO_MAT,Surveillance Enforcement Case
TT_LEGAL_BASIS_TYPE,(source),Căn cứ pháp lý của quyết định thanh tra,source_table,ThanhTra.DM_CAN_CU_THANH_TRA,Inspection Decision
TT_MISC_CATEGORY,(source),Danh mục phân loại dùng chung nội bộ,source_table,ThanhTra.DM_DANH_MUC_KHAC,(reserved)
TT_OFFICER_STATUS,SU_DUNG,Đang sử dụng,etl_derived,ThanhTra.DM_CAN_BO.TRANG_THAI,Inspection Officer
TT_OFFICER_STATUS,KHONG_SU_DUNG,Không sử dụng,etl_derived,ThanhTra.DM_CAN_BO.TRANG_THAI,Inspection Officer
TT_COMPANY_TYPE,(to_define),Loại hình công ty — cần profile data LOAI_HINH_CONG_TY,modeler_defined,"ThanhTra.DM_CONG_TY_CK.LOAI_HINH_CONG_TY, ThanhTra.DM_CONG_TY_QLQ.LOAI_HINH_CONG_TY, ThanhTra.DM_CONG_TY_DC.LOAI_HINH_CONG_TY",Securities Company | Fund Management Company | Public Company
TT_FUND_TYPE,(to_define),Loại quỹ đầu tư — cần profile data LOAI_QUY,modeler_defined,ThanhTra.DM_CONG_TY_QLQ.LOAI_QUY,Fund Management Company
TT_PARTY_TYPE,CA_NHAN,Cá nhân,etl_derived,"ThanhTra.DM_DOI_TUONG_KHAC.LOAI_DOI_TUONG, ThanhTra.DT_DON_THU.LOAI_DOI_TUONG, ThanhTra.TT_HO_SO.LOAI_DOI_TUONG",Inspection Subject Other Party | Complaint Petition | Inspection Case
TT_PARTY_TYPE,TO_CHUC,Tổ chức,etl_derived,"ThanhTra.DM_DOI_TUONG_KHAC.LOAI_DOI_TUONG, ThanhTra.DT_DON_THU.LOAI_DOI_TUONG, ThanhTra.TT_HO_SO.LOAI_DOI_TUONG",Inspection Subject Other Party | Complaint Petition | Inspection Case
TT_PLAN_TYPE,THANH_TRA,Thanh tra,etl_derived,"ThanhTra.TT_KE_HOACH.LOAI_KE_HOACH, ThanhTra.TT_QUYET_DINH.LOAI_HINH",Inspection Annual Plan | Inspection Decision | Inspection Case
TT_PLAN_TYPE,KIEM_TRA,Kiểm tra,etl_derived,"ThanhTra.TT_KE_HOACH.LOAI_KE_HOACH, ThanhTra.TT_QUYET_DINH.LOAI_HINH",Inspection Annual Plan | Inspection Decision | Inspection Case
TT_RECORD_STATUS,1,Hoạt động,etl_derived,"ThanhTra.TT_KE_HOACH.TRANG_THAI, ThanhTra.TT_QUYET_DINH.TRANG_THAI",Inspection Annual Plan | Inspection Decision
TT_RECORD_STATUS,0,Đã xóa,etl_derived,"ThanhTra.TT_KE_HOACH.TRANG_THAI, ThanhTra.TT_QUYET_DINH.TRANG_THAI",Inspection Annual Plan | Inspection Decision
TT_PETITION_TYPE,KHIEU_NAI,Khiếu nại,etl_derived,ThanhTra.DT_DON_THU.LOAI_DON,Complaint Petition
TT_PETITION_TYPE,TO_CAO,Tố cáo,etl_derived,ThanhTra.DT_DON_THU.LOAI_DON,Complaint Petition
TT_PETITION_TYPE,PHAN_ANH,Phản ánh,etl_derived,ThanhTra.DT_DON_THU.LOAI_DON,Complaint Petition
TT_PETITION_TYPE,KIEN_NGHI,Kiến nghị,etl_derived,ThanhTra.DT_DON_THU.LOAI_DON,Complaint Petition
TT_PETITION_STATUS,MOI,Mới tiếp nhận,etl_derived,ThanhTra.DT_DON_THU.TRANG_THAI,Complaint Petition
TT_PETITION_STATUS,DANG_XU_LY,Đang xử lý,etl_derived,ThanhTra.DT_DON_THU.TRANG_THAI,Complaint Petition
TT_PETITION_STATUS,HOAN_THANH,Hoàn thành,etl_derived,ThanhTra.DT_DON_THU.TRANG_THAI,Complaint Petition
TT_PETITION_STATUS,DONG,Đóng,etl_derived,ThanhTra.DT_DON_THU.TRANG_THAI,Complaint Petition
TT_PENALTY_STATUS,CHUA_NOP_PHAT,Chưa nộp phạt,etl_derived,ThanhTra.DT_VAN_BAN_XU_LY.TRANG_THAI,Complaint Enforcement Decision
TT_PENALTY_STATUS,DA_NOP_PHAT,Đã nộp phạt,etl_derived,ThanhTra.DT_VAN_BAN_XU_LY.TRANG_THAI,Complaint Enforcement Decision
TT_PENALTY_STATUS,NOP_PHAT_NHIEU_LAN,Nộp phạt nhiều lần,etl_derived,ThanhTra.DT_VAN_BAN_XU_LY.TRANG_THAI,Complaint Enforcement Decision
TT_ANNOUNCEMENT_STATUS,CHO_DUYET,Chờ duyệt,etl_derived,"ThanhTra.GS_CONG_BO_XU_PHAT.TRANG_THAI, ThanhTra.DT_CONG_BO_XU_PHAT.TRANG_THAI, ThanhTra.TT_CONG_BO_XU_PHAT.TRANG_THAI",Surveillance Penalty Announcement | Complaint Penalty Announcement | Inspection Penalty Announcement
TT_ANNOUNCEMENT_STATUS,DA_DUYET,Đã duyệt,etl_derived,"ThanhTra.GS_CONG_BO_XU_PHAT.TRANG_THAI, ThanhTra.DT_CONG_BO_XU_PHAT.TRANG_THAI, ThanhTra.TT_CONG_BO_XU_PHAT.TRANG_THAI",Surveillance Penalty Announcement | Complaint Penalty Announcement | Inspection Penalty Announcement
TT_OFFICER_ROLE,LANH_DAO,Lãnh đạo phụ trách,etl_derived,ThanhTra.TT_HO_SO_CAN_BO.LOAI_PHAN_CONG,Inspection Case Officer Assignment
TT_OFFICER_ROLE,CHUYEN_VIEN,Chuyên viên xử lý,etl_derived,ThanhTra.TT_HO_SO_CAN_BO.LOAI_PHAN_CONG,Inspection Case Officer Assignment
TT_RESOLUTION_RESULT,DUNG,Đúng,etl_derived,ThanhTra.DT_KET_LUAN.KET_QUA,Complaint Processing Conclusion
TT_RESOLUTION_RESULT,SAI,Sai,etl_derived,ThanhTra.DT_KET_LUAN.KET_QUA,Complaint Processing Conclusion
TT_RESOLUTION_RESULT,DUNG_MOT_PHAN,Đúng một phần,etl_derived,ThanhTra.DT_KET_LUAN.KET_QUA,Complaint Processing Conclusion
GSGD_INVESTOR_TYPE,1,Cá nhân,etl_derived,GSGD.investor_account.investor_type,Investor Trading Account
GSGD_INVESTOR_TYPE,2,Tổ chức,etl_derived,GSGD.investor_account.investor_type,Investor Trading Account
GSGD_ACCOUNT_STATUS,0,Đóng,etl_derived,GSGD.investor_account.account_status,Investor Trading Account
GSGD_ACCOUNT_STATUS,1,Mở,etl_derived,GSGD.investor_account.account_status,Investor Trading Account
GSGD_DOMESTIC_FOREIGN_FLAG,0,Trong nước,etl_derived,GSGD.investor_account.domestic_foreign_flag,Investor Trading Account
GSGD_DOMESTIC_FOREIGN_FLAG,1,Nước ngoài,etl_derived,GSGD.investor_account.domestic_foreign_flag,Investor Trading Account
GSGD_ACCOUNT_GROUP_TYPE,1,Thường,etl_derived,GSGD.account_group.group_type,Account Investor Group
GSGD_ACCOUNT_GROUP_TYPE,2,Nghi vấn,etl_derived,GSGD.account_group.group_type,Account Investor Group
GSGD_ACCOUNT_RELATION_TYPE,(source),Loại quan hệ tài khoản — values from category_item,source_table,GSGD.category_item,Account Investor Group Member | Investor Account Relationship
GSGD_SECURITIES_GROUP_TYPE,1,Thường,etl_derived,GSGD.securities_group.group_type,Securities Watchlist Group
GSGD_SECURITIES_GROUP_TYPE,2,Theo ngành,etl_derived,GSGD.securities_group.group_type,Securities Watchlist Group
GSGD_CASE_TYPE,1,Sơ bộ,etl_derived,GSGD.case_file.case_file_type,Market Surveillance Case
GSGD_CASE_TYPE,2,Thao túng,etl_derived,GSGD.case_file.case_file_type,Market Surveillance Case
GSGD_CASE_TYPE,3,Nội gián,etl_derived,GSGD.case_file.case_file_type,Market Surveillance Case
GSGD_CASE_TYPE,4,Liên thị trường,etl_derived,GSGD.case_file.case_file_type,Market Surveillance Case
GSGD_CASE_STATUS,(source),Trạng thái vụ việc — values from category_item,source_table,GSGD.category_item,Market Surveillance Case
GSGD_INFORMATION_SOURCE,(source),Nguồn thông tin vụ việc — values from category_item,source_table,GSGD.category_item,Market Surveillance Case
GSGD_WORKFLOW_TYPE,1,Sơ bộ,etl_derived,GSGD.case_file_workflow.workflow_type,Market Surveillance Case Workflow Step | Market Surveillance Analysis Criterion | Market Surveillance Analysis Criterion Value
GSGD_WORKFLOW_TYPE,2,Thao túng,etl_derived,GSGD.case_file_workflow.workflow_type,Market Surveillance Case Workflow Step | Market Surveillance Analysis Criterion | Market Surveillance Analysis Criterion Value
GSGD_WORKFLOW_TYPE,3,Nội gián,etl_derived,GSGD.case_file_workflow.workflow_type,Market Surveillance Case Workflow Step | Market Surveillance Analysis Criterion | Market Surveillance Analysis Criterion Value
GSGD_WORKFLOW_TYPE,4,Liên thị trường,etl_derived,GSGD.case_file_workflow.workflow_type,Market Surveillance Case Workflow Step | Market Surveillance Analysis Criterion | Market Surveillance Analysis Criterion Value
GSGD_DATA_TYPE,NUMBER,Số,etl_derived,GSGD.analysis_attribute_define.data_type,Market Surveillance Analysis Criterion
GSGD_DATA_TYPE,STRING,Chuỗi,etl_derived,GSGD.analysis_attribute_define.data_type,Market Surveillance Analysis Criterion
GSGD_DATA_TYPE,DATE,Ngày,etl_derived,GSGD.analysis_attribute_define.data_type,Market Surveillance Analysis Criterion
GSGD_DATA_TYPE,BOOLEAN,Boolean,etl_derived,GSGD.analysis_attribute_define.data_type,Market Surveillance Analysis Criterion
GSGD_ABNORMAL_REPORT_TYPE,(source),Loại báo cáo bất thường — values from category_item,source_table,GSGD.category_item,Abnormal Trading Report
GSGD_PERIOD_TYPE,(to_define),Loại kỳ báo cáo — cần profile từ data,modeler_defined,GSGD.abnormal_report.period_type | GSGD.compliance_report_template.period_type,Abnormal Trading Report | Market Surveillance Compliance Report Template | Market Surveillance Compliance Report Instance
GSGD_SUBMITTER_TYPE,(to_define),Loại người nộp báo cáo — cần profile từ data,modeler_defined,GSGD.abnormal_report.submitter_type,Abnormal Trading Report
GSGD_APPROVAL_STATUS,0,Chờ duyệt,etl_derived,GSGD.abnormal_report.approval_status,Abnormal Trading Report
GSGD_APPROVAL_STATUS,1,Đã duyệt,etl_derived,GSGD.abnormal_report.approval_status,Abnormal Trading Report
GSGD_APPROVAL_STATUS,2,Từ chối,etl_derived,GSGD.abnormal_report.approval_status,Abnormal Trading Report
GSGD_APPROVAL_STATUS,3,Yêu cầu nộp lại,etl_derived,GSGD.abnormal_report.approval_status,Abnormal Trading Report
GSGD_FINANCIAL_SERVICE_TYPE,1,Ký quỹ,etl_derived,GSGD.account_financial_service.service_type,Investor Trading Account Financial Service
GSGD_FINANCIAL_SERVICE_TYPE,2,Ứng trước tiền bán,etl_derived,GSGD.account_financial_service.service_type,Investor Trading Account Financial Service
GSGD_FINANCIAL_SERVICE_TYPE,3,Hợp đồng tài chính khác,etl_derived,GSGD.account_financial_service.service_type,Investor Trading Account Financial Service
GSGD_FILE_TYPE,(to_define),Loại file đính kèm (CSV/XLSX/PDF) — cần profile từ data,modeler_defined,GSGD.case_attach_file.file_type | GSGD.abnormal_report_file.file_type,Market Surveillance Case Document Attachment | Abnormal Trading Report File Attachment
GSGD_FILE_GROUP,1,Hồ sơ của Sở,etl_derived,GSGD.case_attach_file.file_group,Market Surveillance Case Document Attachment
GSGD_FILE_GROUP,2,Danh sách tài khoản nghi vấn,etl_derived,GSGD.case_attach_file.file_group,Market Surveillance Case Document Attachment
GSGD_APPROVAL_STEP_CODE,1,Chuyên viên khởi tạo,etl_derived,GSGD.case_approval_step.step_code,Market Surveillance Case Approval Step Log
GSGD_APPROVAL_STEP_CODE,2,Trưởng ban phê duyệt,etl_derived,GSGD.case_approval_step.step_code,Market Surveillance Case Approval Step Log
GSGD_APPROVAL_STEP_CODE,3,Phó Trưởng ban phân công,etl_derived,GSGD.case_approval_step.step_code,Market Surveillance Case Approval Step Log
GSGD_APPROVAL_STEP_CODE,4,Chuyên viên xử lý,etl_derived,GSGD.case_approval_step.step_code,Market Surveillance Case Approval Step Log
GSGD_APPROVAL_STEP_STATUS,0,Chưa xử lý,etl_derived,GSGD.case_approval_step.status,Market Surveillance Case Approval Step Log
GSGD_APPROVAL_STEP_STATUS,1,Đang xử lý,etl_derived,GSGD.case_approval_step.status,Market Surveillance Case Approval Step Log
GSGD_APPROVAL_STEP_STATUS,2,Đã duyệt/Hoàn thành,etl_derived,GSGD.case_approval_step.status,Market Surveillance Case Approval Step Log
GSGD_APPROVAL_STEP_STATUS,3,Từ chối,etl_derived,GSGD.case_approval_step.status,Market Surveillance Case Approval Step Log
GSGD_SUSPICIOUS_SOURCE,1,Hệ thống tự động,etl_derived,GSGD.suspicious_account.source,Market Surveillance Suspicious Account
GSGD_SUSPICIOUS_SOURCE,2,User thêm,etl_derived,GSGD.suspicious_account.source,Market Surveillance Suspicious Account
GSGD_RELATIONSHIP_CRITERIA,(source),Tiêu chí phân nhóm nghi vấn — values from category_item,source_table,GSGD.category_item,Market Surveillance Suspicious Account Group
GSGD_COMPANY_EVENT_TYPE,(source),Loại sự kiện tổ chức niêm yết — values from category_item,source_table,GSGD.category_item,Listed Company Corporate Event
GSGD_EXECUTION_STATUS,0,Inactive,etl_derived,GSGD.analysis_execution_log.status,Market Surveillance Analysis Execution Log
GSGD_EXECUTION_STATUS,1,Active,etl_derived,GSGD.analysis_execution_log.status,Market Surveillance Analysis Execution Log
GSGD_RESULT_TYPE,1,Kết quả phân tích,etl_derived,GSGD.analysis_suspicious_account.result_type,Market Surveillance Suspicious Account Analysis Result | Market Surveillance Account Relationship Analysis Result | Market Surveillance Account Group Analysis Result | Market Surveillance Account Group Member Analysis Result
GSGD_RESULT_TYPE,2,Kết quả kiểm tra,etl_derived,GSGD.analysis_suspicious_account.result_type,Market Surveillance Suspicious Account Analysis Result | Market Surveillance Account Relationship Analysis Result | Market Surveillance Account Group Analysis Result | Market Surveillance Account Group Member Analysis Result
GSGD_TEMPLATE_TYPE,1,Báo cáo tổng hợp,etl_derived,GSGD.analysis_execution_log.template_type,Market Surveillance Analysis Execution Log
GSGD_TEMPLATE_TYPE,2,Báo cáo phân tích,etl_derived,GSGD.analysis_execution_log.template_type,Market Surveillance Analysis Execution Log
GSGD_ANALYSIS_REPORT_TYPE,(source),Loại báo cáo phân tích vụ việc — values from category_item,source_table,GSGD.category_item,Market Surveillance Analysis Report
GSGD_DATA_SOURCE,(source),Nguồn dữ liệu tài khoản: VSDC / CTCK — values from category_item,source_table,GSGD.investor_account.data_source,Investor Trading Account
GSGD_GROUP_STATUS,(source),"Trạng thái nhóm chứng khoán: 1=Chờ duyệt, 2=Phê duyệt, 3=Từ chối — values from category_item",source_table,GSGD.securities_group.status,Securities Watchlist Group
RISK_INDICATOR_SET,1,Trong nước,etl_derived,QLRR.risk_indicator.set_code,Risk Indicator | Risk Indicator Category
RISK_INDICATOR_SET,2,Quốc tế,etl_derived,QLRR.risk_indicator.set_code,Risk Indicator | Risk Indicator Category
RISK_INDICATOR_TYPE,1,Chỉ tiêu hệ thống,etl_derived,QLRR.risk_indicator (derived),Risk Indicator
RISK_INDICATOR_TYPE,2,Chỉ tiêu tự tạo,etl_derived,QLRR.risk_indicator_custom (derived),Risk Indicator
RISK_UNIT,(source),Đơn vị đo lường chỉ tiêu (1=%/2=Điểm/3=Tỷ VND/4=Triệu USD/5=Hợp đồng/6=Cổ phiếu/7=Công ty/8=VND/9=Số TK/10=Đơn vị tính),source_table,QLRR.risk_indicator.unit_code,Risk Indicator | Risk Indicator Value | Risk Alert Config | Risk Alert
RISK_DATA_SOURCE,(source),Nguồn dữ liệu chỉ tiêu (1=Investing/2=Tổng cục TK/3=NHNN/4=Nội bộ/5=HNX/6=VSDC),source_table,QLRR.risk_indicator.source_code,Risk Indicator | Risk Indicator Value | Risk Indicator Value Change
RISK_PERIOD_TYPE,1,Ngày,etl_derived,QLRR.risk_indicator.period_type,Risk Indicator | Risk Indicator Value | Risk Indicator Schedule
RISK_PERIOD_TYPE,2,Tháng,etl_derived,QLRR.risk_indicator.period_type,Risk Indicator | Risk Indicator Value | Risk Indicator Schedule
RISK_PERIOD_TYPE,3,Quý,etl_derived,QLRR.risk_indicator.period_type,Risk Indicator | Risk Indicator Value | Risk Indicator Schedule
RISK_PERIOD_TYPE,4,Năm,etl_derived,QLRR.risk_indicator.period_type,Risk Indicator | Risk Indicator Value | Risk Indicator Schedule
RISK_DATA_ORIGIN,1,API CSDL tập trung,etl_derived,QLRR.risk_indicator_value.data_origin,Risk Indicator Value | Risk Indicator Value Change
RISK_DATA_ORIGIN,2,User chỉnh sửa,etl_derived,QLRR.risk_indicator_value.data_origin,Risk Indicator Value | Risk Indicator Value Change
RISK_JOB_FREQUENCY_TYPE,1,Giờ,etl_derived,QLRR.risk_indicator_schedule.frequency_type,Risk Indicator Schedule
RISK_JOB_FREQUENCY_TYPE,2,Ngày,etl_derived,QLRR.risk_indicator_schedule.frequency_type,Risk Indicator Schedule
RISK_JOB_FREQUENCY_TYPE,3,Tháng,etl_derived,QLRR.risk_indicator_schedule.frequency_type,Risk Indicator Schedule
RISK_JOB_FREQUENCY_TYPE,4,Quý,etl_derived,QLRR.risk_indicator_schedule.frequency_type,Risk Indicator Schedule
RISK_JOB_FREQUENCY_TYPE,5,Năm,etl_derived,QLRR.risk_indicator_schedule.frequency_type,Risk Indicator Schedule
RISK_JOB_RUN_STATUS,SUCCESS,Thành công,etl_derived,QLRR.risk_indicator_schedule.last_status,Risk Indicator Schedule
RISK_JOB_RUN_STATUS,FAILED,Thất bại,etl_derived,QLRR.risk_indicator_schedule.last_status,Risk Indicator Schedule
RISK_ALERT_THRESHOLD_DIRECTION,1,Tăng,etl_derived,QLRR.risk_alert_config.threshold_direction,Risk Alert Config | Risk Alert
RISK_ALERT_THRESHOLD_DIRECTION,2,Giảm,etl_derived,QLRR.risk_alert_config.threshold_direction,Risk Alert Config | Risk Alert
RISK_ALERT_THRESHOLD_DIRECTION,3,Tăng/Giảm,etl_derived,QLRR.risk_alert_config.threshold_direction,Risk Alert Config | Risk Alert
RISK_INDICATOR_CHANGE_TYPE,SYNC,Đồng bộ từ API,etl_derived,QLRR.risk_indicator_value_history.change_type,Risk Indicator Value Change
RISK_INDICATOR_CHANGE_TYPE,UPDATE,Cập nhật thủ công,etl_derived,QLRR.risk_indicator_value_history.change_type,Risk Indicator Value Change
RISK_ALERT_STATUS,0,Chưa xử lý,etl_derived,QLRR.risk_alert.status,Risk Alert
RISK_ALERT_STATUS,1,Đang xử lý,etl_derived,QLRR.risk_alert.status,Risk Alert
RISK_ALERT_STATUS,2,Đã xử lý,etl_derived,QLRR.risk_alert.status,Risk Alert
RISK_ALERT_STATUS,3,Đã huỷ/Đã bỏ qua,etl_derived,QLRR.risk_alert.status,Risk Alert
RISK_FILE_TYPE,(to_define),Loại file (DOCX/XLSX/PDF/PNG/JPG...) — cần profile từ data,modeler_defined,"QLRR.risk_report_file.file_type, QLRR.risk_alert_resolution_file.file_type",Risk Report File | Risk Alert Resolution File
RISK_ALERT_RESOLUTION_TYPE,1,Quick (không giải trình),etl_derived,QLRR.risk_alert_resolution.resolution_type,Risk Alert Resolution
RISK_ALERT_RESOLUTION_TYPE,2,Detailed (có giải trình),etl_derived,QLRR.risk_alert_resolution.resolution_type,Risk Alert Resolution
RISK_ALERT_EVENT_TYPE,1,Xảy ra cảnh báo,etl_derived,QLRR.risk_alert_history.event_type,Risk Alert History
RISK_ALERT_EVENT_TYPE,2,Xử lý không giải trình,etl_derived,QLRR.risk_alert_history.event_type,Risk Alert History
RISK_ALERT_EVENT_TYPE,3,Xử lý có giải trình,etl_derived,QLRR.risk_alert_history.event_type,Risk Alert History
RISK_NOTIFICATION_TYPE,1,Toast,etl_derived,QLRR.risk_notification.notification_type,Risk Alert Notification
RISK_NOTIFICATION_TYPE,2,Bell,etl_derived,QLRR.risk_notification.notification_type,Risk Alert Notification
RISK_NOTIFICATION_TYPE,3,Email,etl_derived,QLRR.risk_notification.notification_type,Risk Alert Notification
RISK_NOTIFICATION_SEND_STATUS,1,SENT,etl_derived,QLRR.risk_notification.send_status,Risk Alert Notification
RISK_NOTIFICATION_SEND_STATUS,2,FAILED,etl_derived,QLRR.risk_notification.send_status,Risk Alert Notification
RISK_NOTIFICATION_READ_STATUS,0,Chưa đọc,etl_derived,QLRR.risk_notification.read_status,Risk Alert Notification
RISK_NOTIFICATION_READ_STATUS,1,Đã đọc,etl_derived,QLRR.risk_notification.read_status,Risk Alert Notification
IDS_REPORT_CATALOG_TYPE,i,Báo cáo đầu vào,etl_derived,IDS.report_catalog.rc_type_cd,Financial Report Catalog | Financial Report Row Template | Financial Report Column Template
IDS_REPORT_CATALOG_TYPE,o,Báo cáo đầu ra,etl_derived,IDS.report_catalog.rc_type_cd,Financial Report Catalog | Financial Report Row Template | Financial Report Column Template
IDS_REPORT_SCOPE,(source),"Loại hình báo cáo (hợp nhất, mẹ) — values from lookup_values với lookup_group='Report_scope'",source_table,IDS.lookup_values,Financial Report Catalog
IDS_ENTERPRISE_TYPE,(source),"Loại hình doanh nghiệp (dn-doanh nghiệp, bh-bảo hiểm, td-tín dụng, ck-chứng khoán) — values from lookup_values với lookup_group='Enterprise_type'",source_table,IDS.lookup_values,Financial Report Catalog | Public Company
IDS_REPORT_ROW_TYPE,v,Value,etl_derived,IDS.rrow.row_type_cd,Financial Report Row Template
IDS_REPORT_ROW_TYPE,f,Formula,etl_derived,IDS.rrow.row_type_cd,Financial Report Row Template
IDS_REPORT_ROW_TYPE,d,Description,etl_derived,IDS.rrow.row_type_cd,Financial Report Row Template
IDS_PERIODIC_REPORT_FREQUENCY,0,Báo cáo tháng,etl_derived,IDS.rep_forms.rf_report_type_cd,Periodic Report Form
IDS_PERIODIC_REPORT_FREQUENCY,1,Báo cáo quý,etl_derived,IDS.rep_forms.rf_report_type_cd,Periodic Report Form
IDS_PERIODIC_REPORT_FREQUENCY,2,Báo cáo năm,etl_derived,IDS.rep_forms.rf_report_type_cd,Periodic Report Form
IDS_PERIODIC_REPORT_FREQUENCY,3,Báo cáo thường niên,etl_derived,IDS.rep_forms.rf_report_type_cd,Periodic Report Form
IDS_PERIODIC_REPORT_FREQUENCY,4,Báo cáo trực tuyến 6 tháng đầu năm,etl_derived,IDS.rep_forms.rf_report_type_cd,Periodic Report Form
IDS_PERIODIC_REPORT_FREQUENCY,5,Báo cáo trực tuyến 6 tháng cuối năm,etl_derived,IDS.rep_forms.rf_report_type_cd,Periodic Report Form
IDS_PERIODIC_FORM_ROW_DATA_TYPE,v,Value,etl_derived,IDS.rep_row.data_type_cd,Periodic Report Form Row Template
IDS_PERIODIC_FORM_ROW_DATA_TYPE,d,Description,etl_derived,IDS.rep_row.data_type_cd,Periodic Report Form Row Template
IDS_PERIODIC_FORM_COLUMN_DATA_TYPE,n,Number,etl_derived,IDS.rep_column.data_type_cd,Periodic Report Form Column Template
IDS_PERIODIC_FORM_COLUMN_DATA_TYPE,t,Text,etl_derived,IDS.rep_column.data_type_cd,Periodic Report Form Column Template
IDS_NOTIFICATION_SEND_SCHEDULE,(source),Lịch gửi tin định kỳ — values from lookup_values với lookup_group='send_schedule_type',source_table,IDS.lookup_values,Disclosure Notification
IDS_NEWS_STATUS,(source),Trạng thái tin thông báo — values from lookup_values với lookup_group='news_status',source_table,IDS.lookup_values,Disclosure Notification
IDS_NEWS_TYPE,(source),Loại tin gốc — values from lookup_values với lookup_group='news_type',source_table,IDS.lookup_values,Disclosure Notification | Disclosure Form Definition
IDS_FORM_TYPE,(source),"Loại tin hay hồ sơ (hồ sơ, cbtt) — values from lookup_values với lookup_group='form_type'",source_table,IDS.lookup_values,Disclosure Form Definition
IDS_SUB_NEWS_TYPE,(source),Loại tin con — values from lookup_values với lookup_group='sub_news_type',source_table,IDS.lookup_values,Disclosure Form Definition
IDS_INDUSTRY_CATEGORY,(source),Ngành nghề 2 cấp của công ty đại chúng — values from categories (self-referencing parent_id),source_table,IDS.categories,Public Company
IDS_COMPANY_STATUS,(source),Trạng thái niêm yết IDS — values from lookup_values với lookup_group='status_ids',source_table,IDS.lookup_values,Public Company
IDS_EQUITY_LISTING_EXCH,(source),Sàn niêm yết cổ phiếu (HNX/HOSE/UPCoM) — values from lookup_values với lookup_group='equity_listing_exch',source_table,IDS.lookup_values,Public Company
IDS_SECURITIES_TYPE,(source),Loại chứng khoán phát hành — values from lookup_values với lookup_group='securities_type',source_table,IDS.lookup_values,Public Company
IDS_PUBLIC_COMPANY_FORM,(source),Hình thức trở thành công ty đại chúng (IPO / nộp hồ sơ trực tiếp) — values from lookup_values với lookup_group='public_company_form',source_table,IDS.lookup_values,Public Company
IDS_FINANCIAL_STMT_TYPE,(source),Loại báo cáo tài chính (IFRS/VAS...) — values from lookup_values với lookup_group='financial_statement_type',source_table,IDS.lookup_values,Public Company
IDS_ENTITY_TYPE,(source),"Loại hình cổ đông (cá nhân, tổ chức) — values from lookup_values với lookup_group='entity type'",source_table,IDS.lookup_values,Stock Holder
IDS_GENDER,(source),Giới tính — values from lookup_values với lookup_group='gender',source_table,IDS.lookup_values,Stock Holder
IDS_EDUCATION_LEVEL,(source),Trình độ học vấn — values from lookup_values với lookup_group='education level',source_table,IDS.lookup_values,Stock Holder
IDS_AF_POSITION_TITLE,(source),Chức vụ kiểm toán — values from lookup_values với lookup_group='af_position_title',source_table,IDS.lookup_values,Audit Firm Legal Representative | Auditor Approval
IDS_NOTIFICATION_SEND_CHANNEL,(source),Hình thức gửi thông báo (email/sms/push) — values from lookup_values với lookup_group='noti_send_channel',source_table,IDS.lookup_values,Disclosure Notification Config
IDS_NOTIFICATION_TARGET_SYSTEM,(source),Hệ thống nhận thông báo — values from lookup_values với lookup_group='noti_target_system',source_table,IDS.lookup_values,Disclosure Notification Config
IDS_REPRESENTATIVE_ROLE,0,Người đại diện pháp luật,etl_derived,IDS.legal_representative.representative_role,Public Company Legal Representative
IDS_REPRESENTATIVE_ROLE,1,Người CBTT,etl_derived,IDS.legal_representative.representative_role,Public Company Legal Representative
IDS_COMPANY_RELATIONSHIP_TYPE,(source),"Loại quan hệ công ty (mẹ, con, liên doanh liên kết) — values from lookup_values với lookup_group='company_relationship_type'",source_table,IDS.lookup_values,Public Company Related Entity
IDS_IDENTITY_TYPE,(source),Loại giấy tờ định danh — values from lookup_values với lookup_group='identity type',source_table,IDS.lookup_values,Involved Party Alternative Identification (ETL map sang IP_ALT_ID_TYPE)
IDS_HOLDER_RELATIONSHIP_TYPE,(source),Loại quan hệ cổ đông — values from lookup_values với lookup_group='relationship type',source_table,IDS.lookup_values,Stock Holder Relationship
IDS_STOCK_RESTRICTION_TYPE,(source),Loại hạn chế chuyển nhượng cổ phiếu — values from lookup_values với lookup_group='restriction type',source_table,IDS.lookup_values,Stock Control
IDS_WARNING_TARGET_TYPE,(source),Đối tượng nhắc nhở (công ty KT / KTV) — values from lookup_values với lookup_group='warning_target_type',source_table,IDS.lookup_values,Audit Firm Warning
IDS_WARNING_SOURCE_TYPE,(source),Cơ quan nhắc nhở (BTC / UBCKNN) — values from lookup_values với lookup_group='warning_source_type',source_table,IDS.lookup_values,Audit Firm Warning
IDS_SANCTION_TARGET_TYPE,(source),Đối tượng xử phạt — values from lookup_values với lookup_group='sanction_target_type',source_table,IDS.lookup_values,Audit Firm Sanction
IDS_SANCTION_AUTHORITY,(source),Cơ quan xử phạt (BTC / UBCKNN) — values from lookup_values với lookup_group='sanction_authority',source_table,IDS.lookup_values,Audit Firm Sanction
IDS_ISSUANCE_SECURITY_TYPE,(source),Loại chứng khoán phát hành — values from lookup_values với lookup_group='security_type',source_table,IDS.lookup_values,Public Company Securities Offering
IDS_INSPECTION_TYPE,(source),Loại thanh tra/kiểm tra — values from lookup_values với lookup_group='inspection_type',source_table,IDS.lookup_values,Public Company Inspection
IDS_INSPECTION_MODE,(source),Thanh tra định kỳ/bất thường — values from lookup_values với lookup_group='inspection_mode',source_table,IDS.lookup_values,Public Company Inspection
IDS_PENALIZED_SUBJECT_TYPE,(source),Đối tượng xử phạt (công ty đại chúng / nhà đầu tư liên quan) — values from lookup_values với lookup_group='penalized_subjet_type',source_table,IDS.lookup_values,Public Company Penalty
GEOGRAPHIC_AREA_TYPE,REGION,Vùng/miền Việt Nam (từ ECAT_02_Region),etl_derived,ECAT.ECAT_02_Region,Geographic Area
GEOGRAPHIC_AREA_TYPE,PROVINCE_OLD,Tỉnh/Thành phố (cũ — pre-2025) — từ ECAT_03_ProvinceOld,etl_derived,ECAT.ECAT_03_ProvinceOld,Geographic Area
GEOGRAPHIC_AREA_TYPE,DISTRICT_OLD,Quận/Huyện (cũ — pre-2025) — từ ECAT_05_DistrictOld,etl_derived,ECAT.ECAT_05_DistrictOld,Geographic Area
GEOGRAPHIC_AREA_TYPE,WARD_OLD,Phường/Xã/Thị trấn (cũ — pre-2025) — từ ECAT_06_WardOld,etl_derived,ECAT.ECAT_06_WardOld,Geographic Area
GEOGRAPHIC_AREA_TYPE,WARD,Phường/Xã/Thị trấn (chuẩn — post-sáp nhập 2025) — từ ECAT_07_Ward,etl_derived,ECAT.ECAT_07_Ward,Geographic Area
ECAT_ORGANIZATION_UNIT,(source),Đơn vị/phòng ban — values from ECAT_08_Department,source_table,ECAT.ECAT_08_Department,(Classification Value — không gắn Atomic entity)
ECAT_POSITION_TYPE,(source),Loại chức vụ — values from ECAT_09_PositionType,source_table,ECAT.ECAT_09_PositionType,(Classification Value — không gắn Atomic entity)
ECAT_POSITION,(source),Chức vụ — values from ECAT_10_Position (parent → ECAT_POSITION_TYPE),source_table,ECAT.ECAT_10_Position,(Classification Value — không gắn Atomic entity)
ECAT_SECURITY_TYPE,(source),Loại chứng khoán — values from ECAT_12_SecurityType,source_table,ECAT.ECAT_12_SecurityType,Security
ECAT_MARKET,(source),Thị trường (HOSE/HNX/UPCOM/OTC) — values from ECAT_13_Market,source_table,ECAT.ECAT_13_Market,Security
ECAT_SHARE_PAR_VALUE,(source),Mệnh giá cổ phần — values from ECAT_15_SharePar,source_table,ECAT.ECAT_15_SharePar,(Classification Value — không gắn Atomic entity)
ECAT_BUSINESS_INDICATOR,(source),Danh mục chỉ tiêu nghiệp vụ chung — values from ECAT_16_Indicator,source_table,ECAT.ECAT_16_Indicator,(Classification Value — không gắn Atomic entity)
ECAT_FINANCIAL_REPORT_TYPE,(source),Loại báo cáo tài chính — values from ECAT_17_FinancialReportType,source_table,ECAT.ECAT_17_FinancialReportType,(Classification Value — không gắn Atomic entity)
ECAT_BUSINESS_OPERATION,(source),Nghiệp vụ kinh doanh — values from ECAT_18_BusinessOperation,source_table,ECAT.ECAT_18_BusinessOperation,(Classification Value — không gắn Atomic entity)
ECAT_CORPORATE_POSITION_TYPE,(source),Loại chức vụ doanh nghiệp — values from ECAT_19_CorporatePositionType,source_table,ECAT.ECAT_19_CorporatePositionType,(Classification Value — không gắn Atomic entity)
ECAT_CORPORATE_POSITION,(source),Chức vụ trong doanh nghiệp — values from ECAT_20_CorporatePosition (parent → ECAT_CORPORATE_POSITION_TYPE),source_table,ECAT.ECAT_20_CorporatePosition,(Classification Value — không gắn Atomic entity)
ECAT_COMPANY_TYPE,(source),Loại công ty — values from ECAT_21_CompanyType,source_table,ECAT.ECAT_21_CompanyType,(Classification Value — không gắn Atomic entity)
ECAT_SERVICE,(source),Dịch vụ — values from ECAT_22_Service,source_table,ECAT.ECAT_22_Service,(Classification Value — không gắn Atomic entity)
ECAT_CASE_TYPE,(source),Sự vụ — values from ECAT_23_Case,source_table,ECAT.ECAT_23_Case,(Classification Value — không gắn Atomic entity)
ECAT_INVESTOR_TYPE,(source),Loại nhà đầu tư/cổ đông — values from ECAT_24_InvestorType,source_table,ECAT.ECAT_24_InvestorType,(Classification Value — không gắn Atomic entity)
ECAT_AGENT_TYPE,(source),Loại đại lý — values from ECAT_25_AgentType,source_table,ECAT.ECAT_25_AgentType,(Classification Value — không gắn Atomic entity)
ECAT_RELATIONSHIP_TYPE,(source),Mối quan hệ — values from ECAT_26_Relationship,source_table,ECAT.ECAT_26_Relationship,(Classification Value — không gắn Atomic entity)
ECAT_EDUCATION_LEVEL,(source),Trình độ — values from ECAT_27_EducationLevel,source_table,ECAT.ECAT_27_EducationLevel,(Classification Value — không gắn Atomic entity)
ECAT_PROFESSIONAL_CERTIFICATE_TYPE,(source),Loại chứng chỉ hành nghề — values from ECAT_28_ProfessionalCertType,source_table,ECAT.ECAT_28_ProfessionalCertType,(Classification Value — không gắn Atomic entity)
ECAT_ADMINISTRATIVE_PROCEDURE,(source),Thủ tục hành chính — values from ECAT_30_AdminProcedure,source_table,ECAT.ECAT_30_AdminProcedure,(Classification Value — không gắn Atomic entity)
ECAT_ADMINISTRATIVE_PROCEDURE_COMPONENT,(source),Thành phần TTHC — values from ECAT_31_AdminProcedureComponent (parent → ECAT_ADMINISTRATIVE_PROCEDURE),source_table,ECAT.ECAT_31_AdminProcedureComponent,(Classification Value — không gắn Atomic entity)
ECAT_INDUSTRY_LV1,(source),Ngành nghề cấp 1 — values from ECAT_32_IndustryLv1,source_table,ECAT.ECAT_32_IndustryLv1,(Classification Value — không gắn Atomic entity)
ECAT_INDUSTRY_LV2,(source),Ngành nghề cấp 2 — values from ECAT_33_IndustryLv2 (parent → ECAT_INDUSTRY_LV1),source_table,ECAT.ECAT_33_IndustryLv2,(Classification Value — không gắn Atomic entity)
ECAT_APPROVAL_STATUS,(source),Trạng thái duyệt — values from ECAT_34_ApprovalStatus,source_table,ECAT.ECAT_34_ApprovalStatus,(Classification Value — không gắn Atomic entity)
ECAT_FREQUENCY_TYPE,(source),Loại tần suất — values from ECAT_35_FrequencyType,source_table,ECAT.ECAT_35_FrequencyType,(Classification Value — không gắn Atomic entity)
ECAT_FREQUENCY,(source),Tần suất — values from ECAT_36_Frequency (parent → ECAT_FREQUENCY_TYPE),source_table,ECAT.ECAT_36_Frequency,(Classification Value — không gắn Atomic entity)
ECAT_ALERT_TYPE,(source),Loại cảnh báo — values from ECAT_37_AlertType,source_table,ECAT.ECAT_37_AlertType,(Classification Value — không gắn Atomic entity)
ECAT_ALERT_SEVERITY,(source),Mức độ cảnh báo — values from ECAT_38_AlertSeverity,source_table,ECAT.ECAT_38_AlertSeverity,(Classification Value — không gắn Atomic entity)
ECAT_REPORT_PROCESSING_STATUS_TYPE,(source),Loại trạng thái xử lý báo cáo — values from ECAT_39_ReportProcessingStatusType,source_table,ECAT.ECAT_39_ReportProcessingStatusType,(Classification Value — không gắn Atomic entity)
ECAT_ALERT_PROCESSING_STATUS,(source),Trạng thái xử lý cảnh báo — values from ECAT_40_AlertProcessingStatus,source_table,ECAT.ECAT_40_AlertProcessingStatus,(Classification Value — không gắn Atomic entity)
ECAT_NOTIFICATION_STATUS_TYPE,(source),Loại trạng thái thông báo — values from ECAT_41_NotificationStatusType,source_table,ECAT.ECAT_41_NotificationStatusType,(Classification Value — không gắn Atomic entity)
ECAT_NOTIFICATION_STATUS,(source),Trạng thái thông báo — values from ECAT_42_NotificationStatus (parent → ECAT_NOTIFICATION_STATUS_TYPE),source_table,ECAT.ECAT_42_NotificationStatus,(Classification Value — không gắn Atomic entity)
ECAT_ENTERPRISE_TYPE,(source),Loại hình doanh nghiệp — values from ECAT_43_EnterpriseType,source_table,ECAT.ECAT_43_EnterpriseType,(Classification Value — không gắn Atomic entity)
ECAT_FUND_TYPE,(source),Loại hình quỹ đầu tư — values from ECAT_44_FundType,source_table,ECAT.ECAT_44_FundType,(Classification Value — không gắn Atomic entity)
ECAT_OPERATING_STATUS,(source),Trạng thái hoạt động — values from ECAT_45_OperatingStatus,source_table,ECAT.ECAT_45_OperatingStatus,(Classification Value — không gắn Atomic entity)
ECAT_SHAREHOLDER_TYPE,(source),Loại hình cổ đông/nhà đầu tư — values from ECAT_46_ShareholderType,source_table,ECAT.ECAT_46_ShareholderType,(Classification Value — không gắn Atomic entity)
MDDS_MARKET_ID,(source),ID/mã sàn giao dịch và chỉ số tổng hợp: 10=HOSE / 02=HNX / 04=UPCOM / 06=Corp Bond / VN30 / HNX30...,source_table,MDDS.MarketInfor,Market Snapshot
MDDS_MARKET_STATUS,(source),Trạng thái phiên giao dịch tổng hợp sàn: ATO / Continuous / ATC / Closed,source_table,MDDS.MarketInfor,Market Snapshot
MDDS_INDEX_TYPE,(source),Loại chỉ số: 0=Toàn thị trường / 1=Bảng giao dịch / 2=Phức hợp / 3=Ngành / 4=Top ranking,source_table,MDDS.IDXInfor,Market Index Snapshot
MDDS_INDEX_STATUS,(source),Trạng thái chỉ số (1=bình thường — cần profile thêm),source_table,MDDS.IDXInfor,Market Index Snapshot
MDDS_FLOOR_CODE,(source),Mã sàn giao dịch: 02=HNX / 04=UPCOM / 10=HOSE / 03=FDS (phái sinh) / 06=Corp Bond,source_table,MDDS.StockInfor,"Security Trading Snapshot, Corporate Bond Trading Snapshot"
MDDS_STOCK_TYPE,(source),Loại chứng khoán theo sàn — HNX: BO/ST/MF/FU/OP/EF; HOSE: B/S/U/E/D/W. Parse kết hợp FloorCode,source_table,MDDS.StockInfor,Security Trading Snapshot
MDDS_TRADING_SESSION,(source),Mã phiên giao dịch: ATO / Continuous / ATC / ...,source_table,MDDS.StockInfor,Security Trading Snapshot
MDDS_COVERED_WARRANT_TYPE,(source),Loại chứng quyền — chỉ áp dụng khi StockType=W,source_table,MDDS.StockInfor,Security Trading Snapshot
MDDS_MATCH_DIRECTION,(source),Chiều giao dịch chủ động: B=Mua chủ động / S=Bán chủ động / O=ATO / C=ATC,source_table,MDDS.TransLog,"Security Match Log, Corporate Bond Match Log"
MDDS_PERIOD_UNIT,(source),Đơn vị kỳ hạn: 1=Ngày / 2=Tuần / 3=Tháng / 4=Năm,source_table,MDDS.CorpBondInfor,Corporate Bond Trading Snapshot
MDDS_BOND_INTEREST_TYPE,(source),Loại hình lãi suất: 1=Coupon / 2=Zero Coupon,source_table,MDDS.CorpBondInfor,Corporate Bond Trading Snapshot
MDDS_INTEREST_RATE_TYPE,(source),Loại lãi suất: 1=Cố định / 2=Thả nổi,source_table,MDDS.CorpBondInfor,Corporate Bond Trading Snapshot
MDDS_COUPON_TYPE,(source),Kiểu coupon: 1=Standard / 2=Long Coupon / 3=Short Coupon / 4=Khác,source_table,MDDS.CorpBondInfor,Corporate Bond Trading Snapshot
MDDS_INTEREST_PAYMENT_TYPE,(source),Phương thức trả lãi: 1=Định kỳ cuối kỳ / 2=Định kỳ đầu kỳ,source_table,MDDS.CorpBondInfor,Corporate Bond Trading Snapshot
MDDS_SECURITY_TRADING_STATUS,(source),Trạng thái trái phiếu: 0=Bình thường / 1=Tạm ngừng nghỉ lễ / 2=Ngừng GD / 10=Tạm ngừng GD / 11=Hạn chế GD / 25=GD đặc biệt,source_table,MDDS.CorpBondInfor,Corporate Bond Trading Snapshot
MDDS_TRAD_SES_STATUS,(source),Trạng thái phiên TPDN: 1=Đang nhận lệnh / 2=Tạm dừng / 13=Kết thúc nhận lệnh / 90=Chờ nhận lệnh / 97=Đóng cửa,source_table,MDDS.CorpBondInfor,Corporate Bond Trading Snapshot
MDDS_LISTING_STATUS,(source),Trạng thái niêm yết HNX/UPCOM: parse từ Status vị trí 1 (LISTTING_STATUS),source_table,MDDS.StockInfor,Security Trading Snapshot
MDDS_DELIST_FLAG,(source),Cờ hủy niêm yết HOSE: parse từ Status vị trí 1 (DELIST_ALPH),source_table,MDDS.StockInfor,Security Trading Snapshot
MDDS_SUSPENSION_FLAG,(source),Cờ đình chỉ giao dịch HOSE: parse từ Status vị trí 2 (SUSPENSION_ALPH),source_table,MDDS.StockInfor,Security Trading Snapshot
MDDS_HALT_RESUME_FLAG,(source),Cờ tạm ngừng/khôi phục HOSE: parse từ Status vị trí 3 (HALT_RESUME_FLAG_ALPH),source_table,MDDS.StockInfor,Security Trading Snapshot
ORDERTRADE_MARKET_ID,(source),Mã thị trường KRX: STO/BDO/RPO (HOSE) — STX/UPX/BDX/DVX/HCX (HNX),source_table,"OrderTrade.Order_HOSE, OrderTrade.Order_HNX, OrderTrade.Trade_HOSE, OrderTrade.Trade_HNX","Securities Order, Securities Trade"
ORDERTRADE_BOARD_TYPE,(source),Loại bảng giao dịch: G1=Main/G2=ATO/G3=ATC/G4=Odd lot/G7=Buy-in/G8=Sell-out/T1-T6=Thỏa thuận/R1=Repo,source_table,"OrderTrade.Order_HOSE, OrderTrade.Order_HNX, OrderTrade.Trade_HOSE, OrderTrade.Trade_HNX","Securities Order, Securities Trade"
ORDERTRADE_SESSION,(source),Phiên giao dịch KRX: 00=Pre-market/10=ATO/20=Continuous1/30=ATC/40=Continuous2/80=Odd lot/90=Halt/99=Close,source_table,"OrderTrade.Order_HOSE, OrderTrade.Order_HNX, OrderTrade.Trade_HOSE, OrderTrade.Trade_HNX","Securities Order, Securities Trade"
ORDERTRADE_ORDER_ACTION_TYPE,(source),Loại action lệnh: HOSE N=New/M=Modify/C=Cancel — HNX 1=New/2=Replace/3=Cancel,source_table,"OrderTrade.Order_HOSE, OrderTrade.Order_HNX",Securities Order
ORDERTRADE_ORDER_TYPE,(source),Loại lệnh theo giá: 1=Market/2=Limit/3=Stop Market/4=Stop Limit (+ HNX: X=Same side limit/Y=Contrary side limit),source_table,"OrderTrade.Order_HOSE, OrderTrade.Order_HNX",Securities Order
ORDERTRADE_ORDER_CONDITION,(source),Điều kiện khớp lệnh: 0=FAS/1=GTC/2=ATO/3=FAK/4=FOK/6=GTD/7=ATC/9=MTL,source_table,"OrderTrade.Order_HOSE, OrderTrade.Order_HNX",Securities Order
ORDERTRADE_ORDER_STATUS,(source),Trạng thái lệnh HOSE: 0=New/1=Partial Fill/2=Filled/3=Cancelled/4=Rejected/5=Expired/6=Pending Cancel/7=Pending Replace/8=Replaced,source_table,OrderTrade.Order_HOSE,Securities Order
ORDERTRADE_CLIENT_HOUSE_TYPE,(source),Phân loại giao dịch: 10=Client trade/30=House trade,source_table,"OrderTrade.Order_HOSE, OrderTrade.Order_HNX, OrderTrade.Trade_HOSE, OrderTrade.Trade_HNX","Securities Order, Securities Trade"
ORDERTRADE_INVESTOR_TYPE,(source),Loại hình nhà đầu tư: 8000=Cá nhân/7000=NĐT NN/3000=Quỹ/4000=Ngân hàng/5000=CTCK (HOSE) hoặc 1000/2000/3000 (HNX — cần profile mapping),source_table,"OrderTrade.Order_HOSE, OrderTrade.Order_HNX, OrderTrade.Trade_HOSE, OrderTrade.Trade_HNX","Securities Order, Securities Trade"
ORDERTRADE_FOREIGN_INVESTOR_TYPE,(source),Phân loại NĐT nước ngoài: 00=Trong nước/10=NN cư trú/20=NN không cư trú,source_table,"OrderTrade.Order_HOSE, OrderTrade.Order_HNX, OrderTrade.Trade_HOSE, OrderTrade.Trade_HNX","Securities Order, Securities Trade"
ORDERTRADE_SHORT_SELL_TYPE,(source),Phân loại bán khống HOSE: 00=Giao dịch bình thường/10=Lệnh bán khống,source_table,OrderTrade.Order_HOSE,Securities Order
ORDERTRADE_AUTO_CANCEL_REASON,(source),Lý do tự động hủy lệnh HNX: 0=n/a/1=Condition/2=Batch/3=Kill Switch/4=Disconnect/5=Price limit,source_table,OrderTrade.Order_HNX,Securities Order
ORDERTRADE_QUOTE_REQUEST_TYPE,(source),Loại yêu cầu báo giá RFQ: 1=Request/2=Cancel/3=Confirm/4=Reject,source_table,"OrderTrade.Order_HNX, OrderTrade.Trade_HNX","Securities Order, Securities Trade"
TTHC_CONTENT_TYPE,,,source_table,TTHC.ContentItemIndex,Securities Offering Application
TTHC_APPLICATION_STATUS,PENDING,Chờ xử lý,etl_derived,,Securities Offering Application
TTHC_APPLICATION_STATUS,IN_PROGRESS,Đang xử lý,etl_derived,,Securities Offering Application
TTHC_APPLICATION_STATUS,APPROVED,Đã cấp phép,etl_derived,,Securities Offering Application
TTHC_APPLICATION_STATUS,REJECTED,Bị từ chối,etl_derived,,Securities Offering Application
TTHC_WORKFLOW_STATUS,Idle,Chờ xử lý (Idle),source_table,TTHC.WorkflowIndex,Application Review Workflow
TTHC_WORKFLOW_STATUS,Executing,Đang chạy (Executing),source_table,TTHC.WorkflowIndex,Application Review Workflow
TTHC_WORKFLOW_STATUS,Faulted,Lỗi (Faulted),source_table,TTHC.WorkflowIndex,Application Review Workflow
TTHC_WORKFLOW_STATUS,Finished,Hoàn thành (Finished),source_table,TTHC.WorkflowIndex,Application Review Workflow
TTHC_WORKFLOW_STATUS,Aborted,Đã hủy (Aborted),source_table,TTHC.WorkflowIndex,Application Review Workflow
TTHC_EFORM_FIELD_DATA_TYPE,TEXT,Trường văn bản,etl_derived,,Application Eform Field Value
TTHC_EFORM_FIELD_DATA_TYPE,HTML,Trường HTML,etl_derived,,Application Eform Field Value
TTHC_EFORM_FIELD_DATA_TYPE,MULTI_TEXT,Trường đa giá trị văn bản,etl_derived,,Application Eform Field Value
TTHC_EFORM_FIELD_DATA_TYPE,LINK,Trường liên kết,etl_derived,,Application Eform Field Value
TTHC_EFORM_FIELD_DATA_TYPE,NUMERIC,Trường số,etl_derived,,Application Eform Field Value
TTHC_EFORM_FIELD_DATA_TYPE,DATE,Trường ngày,etl_derived,,Application Eform Field Value
TTHC_EFORM_FIELD_DATA_TYPE,DATETIME,Trường ngày giờ,etl_derived,,Application Eform Field Value
TTHC_EFORM_FIELD_DATA_TYPE,TIME,Trường giờ,etl_derived,,Application Eform Field Value
TTHC_EFORM_FIELD_DATA_TYPE,BOOLEAN,Trường đúng/sai,etl_derived,,Application Eform Field Value
TTHC_EFORM_FIELD_DATA_TYPE,CONTENT_PICKER,Trường chọn nội dung,etl_derived,,Application Eform Field Value
TTHC_EFORM_FIELD_DATA_TYPE,USER_PICKER,Trường chọn người dùng,etl_derived,,Application Eform Field Value
TTHC_EFORM_FIELD_TYPE,ISSUER_NAME,Tên tổ chức phát hành,etl_derived,,Application Eform Field Value
TTHC_EFORM_FIELD_TYPE,ADVISOR_NAME,Tên tổ chức tư vấn,etl_derived,,Application Eform Field Value
TTHC_EFORM_FIELD_TYPE,AUDITOR_NAME,Tên tổ chức kiểm toán,etl_derived,,Application Eform Field Value
TTHC_EFORM_FIELD_TYPE,UNDERWRITER_NAME,Tên tổ chức bảo lãnh phát hành,etl_derived,,Application Eform Field Value
TTHC_EFORM_FIELD_TYPE,RATING_AGENCY_NAME,Tên tổ chức xếp hạng tín nhiệm,etl_derived,,Application Eform Field Value
TTHC_EFORM_FIELD_TYPE,QUANTITY,Số lượng chứng khoán,etl_derived,,Application Eform Field Value
TTHC_EFORM_FIELD_TYPE,PAR_VALUE,Mệnh giá chứng khoán,etl_derived,,Application Eform Field Value
TTHC_WORKFLOW_TYPE,,,source_table,TTHC.WorkflowTypeIndex,Application Review Workflow
